"#","Player","Pos","Team","1","2","3","4","5","6","7","8","9","10","11","12","13","14","15","16","17","18","AVG","TTL"
"1","Josh Allen","QB","BUF","12","23.7","22.3","36.5","28.8","14.9","25.3","30.1","25.7","16.4","23.5","40.7","BYE","21.5","16.2","26","22.2","25.1","24.2","410.6"
"2","Jalen Hurts","QB","PHI","12.5","26.2","21.9","24.2","28.3","22.9","24.3","27.4","25.9","BYE","19.9","35.5","23.9","8.9","23.9","24.4","20.2","1.6","21.9","371.8"
"3","Dak Prescott","QB","DAL","6.3","19.6","15.4","14.3","7.3","24.9","BYE","29.1","28.4","38.9","16.2","32.2","28.3","17.9","7.1","18.6","21.3","26.2","20.7","351.8"
"4","Lamar Jackson","QB","BAL","7.6","22.9","28.2","28.1","10.9","18.1","33.9","12","11.5","15","24","15","BYE","32.6","19.5","22.6","36.3","-","21.1","338.2"
"5","Jordan Love","QB","GB","23","20.3","25.3","19.6","8","BYE","16.3","15.6","13.8","18.7","20.9","26.6","23.7","9.9","17.5","24","28.4","18.5","19.4","330.1"
"6","Christian McCaffrey","RB","SF","22.9","19.5","17.9","41.7","11.8","11.2","19.6","23.8","BYE","14.2","16.3","25.9","19.3","15.3","36.7","19.1","9.1","-","20.3","324.3"
"7","Brock Purdy","QB","SF","16.8","14.7","20.3","21.3","26.1","8.7","14.8","20.3","BYE","23.8","26.7","11.5","29.5","22.4","25.7","6.4","17.6","-","19.2","306.6"
"8","Jared Goff","QB","DET","14","23.9","19","12.4","27.4","22.4","10.4","13.7","BYE","21.1","16.7","18.2","16.3","8.4","31.1","14.3","12.8","20.8","17.8","303.1"
"9","Patrick Mahomes","QB","KC","20.5","22.2","25.7","15.2","19.2","18.3","34.9","7.6","15.8","BYE","17.9","20.8","14","14.6","17.7","17.7","12","-","18.4","294.2"
"10","Tua Tagovailoa","QB","MIA","28.1","13.3","28.4","15","18.9","22.5","11.3","22.8","12.4","BYE","18.6","9.8","19.2","9.1","13","15.5","16.9","9.6","16.7","284.4"
"11","Baker Mayfield","QB","TB","16","18.4","11","23.9","BYE","7.8","17.2","21.4","19","19.3","11.3","14.4","10.9","20.1","29","19.8","18.3","6.2","16.7","284.1"
"12","C.J. Stroud","QB","HOU","9.7","21.5","20.6","21.8","14.2","15.2","BYE","12.9","41.8","20","18.3","30.9","16.1","3.6","-","-","12.9","20.6","18.7","280"
"13","Sam Howell","QB","SEA","16.2","21.3","4.6","19.6","26.4","18.3","10.5","32","18.7","24.2","20.7","18.3","20.2","-","9.3","0.2","8.7","8.4","16.3","277.5"
"14","Trevor Lawrence","QB","JAC","18.7","9.2","15.4","16.5","15.7","15.7","18.1","15.7","BYE","4.1","32.2","25.6","25.1","20.4","14.7","11.3","-","18.2","17.3","276.5"
"15","CeeDee Lamb","WR","DAL","7.7","14.3","6.2","10.8","4.9","11.7","BYE","29","17.1","28.5","10.5","13.3","20.6","13.1","11.6","19.2","27.2","22.5","15.8","268.2"
"16","Russell Wilson","QB","PIT","15.2","26.9","15.2","22.2","18.7","8.9","13.9","17.6","-","18.7","14.5","16.8","18.8","16.5","17.5","23.5","-","-","17.7","264.9"
"17","Tyreek Hill","WR","MIA","33.5","10","21.7","7.2","24.1","22.3","14.8","17.2","4.5","BYE","20.6","16.4","27.3","6.1","-","9.9","7.6","14.2","16.1","257.4"
"18","Matthew Stafford","QB","LAR","14.5","16","13.5","17.2","16.9","13.2","15","12.4","-","BYE","10.7","24.4","23","23.7","18.5","20.7","14.6","-","16.9","254.1"
"19","Derek Carr","QB","NO","15.6","7.7","8.1","3.2","15.7","17.3","18.4","18.3","16.7","5.4","BYE","11.9","9.9","11.8","20.3","26","15.6","27.2","14.7","249.1"
"20","Raheem Mostert","RB","MIA","11","24.7","38.2","2.5","13.8","31.2","5.1","10.6","14.5","BYE","9.3","21.4","11.1","22","16.3","11","-","-","16.2","242.7"
"21","Justin Herbert","QB","LAC","20.9","22.2","29.3","24.4","BYE","19.1","12.9","24","7.1","29.4","25.7","14.4","8","2.8","-","-","-","-","18.5","240.2"
"22","Justin Fields","QB","PIT","15.5","16.7","11.7","28.9","33","5.9","-","-","-","-","21.2","10.6","-","24.7","11.6","25.5","25.2","8.6","18.4","239.2"
"23","Geno Smith","QB","SEA","9.1","23.1","16.4","8.2","BYE","13","14.8","15.9","3.7","24.1","13.2","8.3","31","-","-","17.3","16.9","20.4","15.7","235.3"
"24","Travis Etienne Jr.","RB","JAC","16.4","4.2","13.8","7.2","32.4","20.3","19.7","22.9","BYE","4.4","5.9","8.6","13.9","13.2","5.9","3.1","23.8","8.7","13.2","224.4"
"25","Kyren Williams","RB","LAR","17.4","22","6.5","24.7","5.7","21.8","-","-","-","BYE","-","32.4","17.2","11.3","19.5","16.4","28.1","-","18.6","223"
"26","Derrick Henry","RB","BAL","11.9","15.5","2","23.4","6.2","17.3","-","12.2","16.2","2","4.4","19.6","24","17.1","1","20.4","4.2","21.3","12.9","218.7"
"27","Joe Mixon","RB","HOU","7.3","9.5","13","7.6","9.4","6.2","BYE","17","12.8","10.5","16","6","23.7","18.5","12.1","7","14.7","23.7","12.6","215"
"28","Breece Hall","RB","NYJ","14.7","0.9","2.7","6.9","25.4","15.3","BYE","15.3","6","7.5","13.3","4.9","4.5","18.6","1.8","31.1","18.6","27","12.6","214.5"
"29","Amon-Ra St. Brown","WR","DET","13.1","8.2","10.6","11.6","-","18.4","10.2","10.8","BYE","22.5","13.7","9.5","10.9","2.1","17.2","16.6","16.1","20.4","13.2","211.9"
"30","Joshua Dobbs","QB","SF","1","25.2","17.1","23.4","10.7","11.1","16.1","24.9","24.9","25.1","17.9","8.5","-","4.6","-","-","-","-","16.2","210.7"
"31","Gardner Minshew II","QB","LV","0","11.1","13.1","-","6.3","12.6","28.1","15.8","9.6","6.7","-","15.6","18.7","15.1","20.6","10.1","13.3","8.5","12.8","205.2"
"32","Rachaad White","RB","TB","4.9","16.3","4.2","7.8","BYE","3.8","9.9","10.9","23.9","15.8","11.8","11","16.6","19.5","19.9","13.7","4.6","9.3","12","203.9"
"33","Mike Evans","WR","TB","12.6","23.1","12","4","BYE","4.9","14.2","9.9","8.7","20.3","10.3","19","22.2","0.8","11.7","20.6","7","2.2","12","203.5"
"34","Puka Nacua","WR","LAR","11.9","15.1","7.2","22.3","13.1","2.6","15.4","4.3","3.2","BYE","13.7","2.7","19.9","9","5.3","24","13.7","10.1","11.4","193.5"
"35","David Montgomery","RB","DET","13.4","11.4","-","32.1","18.9","3.3","-","-","BYE","17.6","15.8","15.1","11.5","8.5","8.2","12.9","12.5","10","13.7","191.2"
"36","DJ Moore","WR","CHI","2.5","10.4","10.1","19.1","41","5.1","5.4","5.5","2.4","5.9","15.6","11.4","BYE","20.8","5.2","1.8","21.9","6.4","11.2","190.5"
"37","Jahmyr Gibbs","RB","DET","6","5.6","8.2","5.1","-","-","18.6","24.9","BYE","23.2","15.5","7.3","5.4","14.2","22.8","20","4.3","9","12.7","190.1"
"38","James Cook","RB","BUF","6.3","15.9","11.2","13.7","2.1","7.1","16.2","7.3","3.9","10","16.2","10","BYE","20.1","34.1","5","4.4","5.2","11.1","188.7"
"39","Bijan Robinson","RB","ATL","14.3","17.2","6","13.7","9.8","8","0.3","12.2","3.9","16.6","BYE","24.3","7.9","14.8","-0.6","12.2","8.6","19.1","11.1","188.3"
"40","Desmond Ridder","QB","ARI","7.9","22.4","6.3","8.2","26.2","19.1","13.8","3.4","-","8.7","-","11.7","8.8","26.4","8.9","-","-0.3","16.6","12.5","188.1"
"41","Deebo Samuel Sr.","WR","SF","6.3","16.1","19.1","0.6","8.5","1.1","-","-","BYE","11.9","6.2","15.4","31.8","27","17.9","5.4","13.2","3.2","12.2","183.7"
"42","A.J. Brown","WR","PHI","7.9","2.9","13.1","29.5","12.7","13.1","19.7","25","12.6","BYE","0.8","9.7","11.4","7.4","5.6","8","5.3","-1.1","10.8","183.6"
"43","Saquon Barkley","RB","PHI","6.3","21.2","-","-","-","9.8","15.8","12.8","11.3","6.1","26","5.2","-","20.1","3.7","16.4","5.8","21.7","13","182.2"
"44","Brandon Aubrey","K","DAL","10","18","11","12","6","8","BYE","13","7","7","9","9","15","22","4","9","11","10","10.6","181"
"45","Nico Collins","WR","HOU","8","20.6","3.4","28.8","3.9","8","BYE","3","11.4","-","6.5","16.4","25.1","1.3","-","9.8","8.7","25.5","12","180.4"
"46","Dallas Cowboys","DST","DAL","37","15","1","27","-1","4","BYE","15","2","8","21","16","-1","11","0","1","6","16","10.5","178"
"47","Gus Edwards","RB","LAC","5.2","12.2","5.1","4.9","4.8","5.3","20.4","27.4","17.2","8.8","19","3.7","-","1.5","12.9","13","10.8","2.8","10.3","175"
"48","James Conner","RB","ARI","7","16.6","17.6","5.6","4.6","-","-","-","-","7.3","6.3","3.2","22.5","BYE","14.9","17.2","25.3","26.4","13.4","174.5"
"49","Brandon Aiyuk","WR","SF","24.9","4.3","-","14.8","5.8","7.6","5.7","10.9","BYE","11.5","21.6","11","10.6","10.6","3.7","11.3","17.4","2.5","10.9","174.2"
"50","Baltimore Ravens","DST","BAL","11","3","7","17","6","11","14","6","15","14","6","15","BYE","7","9","15","10","8","10.2","174"
"51","Keenan Allen","WR","CHI","8.2","23.1","27.5","9.2","-","14.5","5.5","6.9","7.7","29.5","17.6","8.6","5.8","6.8","-","-","-","-","13.1","170.9"
"52","Kenneth Walker III","RB","SEA","6.7","17.4","27.6","13.9","BYE","14.9","11.1","7","1.7","18.7","1.6","-","-","5.4","17.2","5.6","13.5","8.1","11.4","170.4"
"53","Isiah Pacheco","RB","KC","5.4","7","13.8","21.8","12.4","9.8","12","3.7","6.6","BYE","9.1","20.9","18.3","-","-","6.6","22.5","-","12.1","169.9"
"54","Tony Pollard","RB","TEN","20.2","12.9","12.1","6","4.4","11","BYE","5.5","6.3","5.5","14","16.3","14.3","9.6","5.7","4.3","4.9","14.6","9.9","167.6"
"55","Jerome Ford","RB","CLE","1.6","21.1","17.1","4.5","BYE","9.1","15.4","3.9","7.7","10.9","9.9","7.9","11.2","8.2","3.1","8.3","24.1","3.2","9.8","167.2"
"56","Stefon Diggs","WR","HOU","16.2","6.6","11.1","30","16.1","10","11.8","7","16.6","3.4","2.7","13.4","-","2.4","4.8","2.9","3.1","8.7","9.8","166.8"
"57","Najee Harris","RB","PIT","3.3","4.3","6.5","10.3","4","BYE","12.8","5.5","13.6","15.6","3.6","15.9","7.7","4.8","1.3","13.8","24.2","19.3","9.8","166.5"
"58","Bryce Young","QB","CAR","9.5","13.5","-","7.2","20.3","12.7","BYE","14.5","12","9.2","6.2","8.1","8.1","7.5","7.6","22.2","3.7","4.2","10.4","166.4"
"59","De'Von Achane","RB","MIA","-","0.9","47.3","24","20.5","-","-","-","-","BYE","0.5","-","22.3","7.1","6.2","3.1","19.7","12.1","14.9","163.7"
"60","Ja'Marr Chase","WR","CIN","4.1","3.1","14.1","7.3","37.2","8","BYE","15.2","4.1","18.4","7.2","8.1","20.6","2.9","6.4","-","4.1","1.9","10.2","162.7"
"61","Davante Adams","WR","LV","6.6","14.4","29.2","7.5","4.5","2.9","5.7","1.1","3.4","8.6","14.2","7.3","BYE","5.3","16.1","0.4","24.6","10.6","9.6","162.4"
"62","Brian Robinson Jr.","RB","WAS","12.6","26.9","7","11.1","4.3","11.6","8.3","7.9","10.7","21.7","13.2","6.4","5.3","BYE","-","-","7.6","7.5","10.8","162.1"
"63","D'Andre Swift","RB","CHI","0.3","24.1","13.8","13.9","10.8","9.8","7.5","12.4","7.4","-","16.7","8.4","2","3.9","7.5","15.2","6.6","-","10","160.3"
"64","Justin Tucker","K","BAL","5","11","7","4","4","19","8","8","14","7","11","10","BYE","12","12","16","8","4","9.4","160"
"65","DK Metcalf","WR","SEA","10.7","7.5","11.2","9.4","BYE","6.9","-","6.7","5","9.8","15.4","3.2","31.4","11.2","7.8","11.6","10.6","1","10","159.4"
"66","Buffalo Bills","DST","BUF","5","10","32","9","9","7","2","6","1","6","21","2","BYE","6","9","5","17","12","9.4","159"
"67","Cairo Santos","K","CHI","7","7","4","4","17","9","8","1","5","12","17","14","BYE","11","6","10","15","11","9.3","158"
"67","Jason Myers","K","SEA","8","7","18","6","BYE","9","9","6","3","21","15","9","5","5","9","8","13","7","9.3","158"
"67","Alvin Kamara","RB","NO","-","-","-","8.4","15.7","10.4","17.3","23","7","11.5","BYE","11.9","22.9","10.5","11","3.5","4.9","-","12.2","158"
"70","Matt Gay","K","IND","3","8","24","1","12","10","8","10","11","6","BYE","10","14","0","13","4","12","11","9.2","157"
"71","Jake Elliott","K","PHI","18","12","11","18","11","2","7","10","4","BYE","3","9","7","10","5","17","8","4","9.2","156"
"72","Amari Cooper","WR","CLE","3.7","9","17.6","1.6","BYE","10.8","2.2","8.9","19.9","9.8","3.4","1.6","3.4","5.7","16.9","40.5","-","-","10.3","155"
"73","Kirk Cousins","QB","ATL","17.5","28.6","26.7","11.6","19.9","8.7","22","19.9","-","-","BYE","-","-","-","-","-","-","-","19.3","154.7"
"74","Harrison Butker","K","KC","8","5","12","11","10","17","7","11","3","BYE","6","7","7","5","11","2","24","8","9.1","154"
"74","New York Jets","DST","NYJ","20","0","1","7","18","11","BYE","8","5","8","2","13","9","12","2","8","12","18","9.1","154"
"76","Calvin Ridley","WR","TEN","16.1","3.2","4","9.8","13.6","2.6","0.5","8.3","-","2","24.1","16.9","3.3","5.3","3.9","19.8","3.9","16.6","9.1","153.9"
"77","Sam LaPorta","TE","DET","3.9","6.3","14.4","5.6","16.7","3.6","5.2","11.7","BYE","4","3.8","12.7","20","2.7","23.6","1.8","8.4","8.9","9","153.3"
"78","Jayden Reed","WR","GB","4.6","15.7","6.3","7.5","0.7","BYE","8.1","8.3","4","14.4","15.2","11","1.6","12.5","11.2","-","20.9","11.2","9.6","153.2"
"79","Joe Burrow","QB","CIN","3.2","16.4","9.2","4.7","24.4","14.8","BYE","27.6","22.3","21.9","8.7","-","-","-","-","-","-","-","15.3","153.2"
"80","Cleveland Browns","DST","CLE","9","7","12","4","BYE","6","16","5","23","15","7","2","-4","12","13","7","15","4","9","153"
"81","Miami Dolphins","DST","MIA","2","9","8","-2","11","5","12","6","5","BYE","12","21","12","12","24","7","-1","9","8.9","152"
"82","Kyler Murray","QB","ARI","-","-","-","-","-","-","-","-","-","18.3","22.7","20.4","11.8","BYE","15.3","20.4","24.7","17.8","18.9","151.4"
"83","Jordan Addison","WR","MIN","12.1","13.2","5.2","0","12.4","8.8","24.3","14.4","5.2","6.9","4.4","3.9","BYE","2.7","23.1","0.2","2.8","11.7","8.9","151.3"
"84","Cameron Dicker","K","LAC","12","10","4","6","BYE","5","7","16","11","9","8","4","6","1","3","21","13","15","8.9","151"
"85","Jake Browning","QB","CIN","-0.1","-","-","-","-","-","BYE","-","-","-","10.7","13","25.7","24.7","20","16.4","21.1","19","16.7","150.4"
"86","Blake Grupe","K","NO","12","8","5","10","14","9","11","8","8","4","BYE","19","4","4","8","2","12","12","8.8","150"
"87","Dustin Hopkins","K","CLE","12","9","12","5","BYE","17","22","8","10","14","7","6","8","9","8","2","-","-","9.9","149"
"88","DeAndre Hopkins","WR","TEN","6.5","4","4.8","6.3","14","2","BYE","30.8","6.5","2.7","11.9","4.9","13.9","18.4","2.1","2","7.2","10.6","8.7","148.6"
"89","Jakobi Meyers","WR","LV","20.1","-","8.5","3.3","13.5","12.1","11","1.9","11.5","2.1","4.9","14.1","BYE","2.5","13.7","4.2","5.6","18.6","9.2","147.6"
"90","DeVonta Smith","WR","PHI","10.7","19.1","2.8","7.8","0.6","4.4","4.9","15.9","11.1","BYE","9.9","16.6","15.6","5.3","5","13.9","3","-","9.2","146.6"
"91","Las Vegas Raiders","DST","LV","3","-2","1","4","12","9","4","13","19","8","8","0","BYE","12","25","21","1","8","8.6","146"
"91","Jason Sanders","K","MIA","14","6","10","2","8","6","6","7","2","BYE","11","12","10","9","12","22","7","2","8.6","146"
"91","Brandon McManus","K","WAS","8","10","5","14","6","17","8","16","-","3","10","14","8","3","1","0","14","9","8.6","146"
"94","George Pickens","WR","PIT","3.6","18.7","7.5","2.5","20.6","BYE","10.7","8.2","-0.1","4.5","3.7","5.8","8.6","1.9","4.7","31.5","13.1","0.3","8.6","145.8"
"95","Chris Olave","WR","NO","11.2","8.6","10.4","0.4","7.2","9.6","5.7","4.6","10.6","15.4","BYE","11.4","11.9","8.8","-","14.3","2.6","11.6","9","144.3"
"96","Josh Jacobs","RB","GB","7.1","4.9","8","19.9","14.9","9.3","4.1","14.8","21.8","10.7","5.1","18.5","-","5","-","-","-","-","11.1","144.1"
"97","Chuba Hubbard","RB","CAR","6.9","5","0.4","5.3","3.5","15","BYE","5.4","6.7","3.9","6.5","15.2","22.4","9.6","10.3","11.1","7.1","9.2","8.4","143.5"
"98","New Orleans Saints","DST","NO","10","7","10","3","24","5","4","4","13","1","BYE","5","0","21","14","0","14","8","8.4","143"
"98","Pittsburgh Steelers","DST","PIT","4","26","11","-1","18","BYE","5","10","7","8","7","10","2","4","4","13","3","12","8.4","143"
"98","Greg Zuerlein","K","NYJ","11","-","6","4","18","14","BYE","7","8","16","0","1","7","17","0","14","10","10","8.9","143"
"101","Zack Moss","RB","CIN","-","16.7","20.5","9","31.5","11.9","6.2","13.4","2.6","0.2","-","7","5.7","5.6","9.3","-","-","3","10.2","142.6"
"102","Michael Pittman Jr.","WR","IND","15.7","5.6","7.7","3.5","5.2","10.9","14.3","10","6.4","8.4","BYE","10.7","16.5","11.5","7.8","-","4.6","2.4","8.8","141.2"
"103","San Francisco 49ers","DST","SF","13","5","8","2","16","7","2","4","BYE","20","9","14","4","9","12","3","9","4","8.3","141"
"104","Evan McPherson","K","CIN","4","6","19","3","12","7","BYE","9","6","11","10","5","13","10","9","3","5","8","8.2","140"
"105","Indianapolis Colts","DST","IND","11","9","9","3","4","1","5","-1","26","16","BYE","11","17","7","14","0","3","4","8.2","139"
"106","George Kittle","TE","SF","1.9","3","9","0.9","24.7","0.1","8","14.9","BYE","17.6","14.9","1.9","6.8","13.6","5.4","12.6","2.9","-","8.6","138.2"
"107","Younghoe Koo","K","ATL","7","13","7","1","7","5","13","12","19","5","BYE","6","8","5","1","19","5","5","8.1","138"
"108","Jonathan Taylor","RB","IND","-","-","-","-","3.4","6.5","18","9.7","12.9","13.5","BYE","21.1","-","-","-","10.3","16.4","25.6","13.7","137.4"
"109","Devin Singletary","RB","NYG","1.5","2.4","4.5","7.8","0","6.2","-","4.3","2.6","22.1","17.8","7.2","4","12.5","17","6.3","8.6","12.5","8.1","137.3"
"110","Chase McLaughlin","K","TB","10","9","3","10","BYE","6","7","6","16","8","2","8","3","11","11","14","1","11","8","136"
"111","Jaylen Warren","RB","PIT","1.8","8.6","5.2","5.5","7.9","BYE","9.1","3.8","11.3","17","20.5","4.2","5.5","4","6.8","5.4","15.8","3","8","135.4"
"112","Austin Ekeler","RB","WAS","22.4","-","-","-","-","6.2","4.6","16.3","19","17.5","5","4.4","2.7","16","3.8","8.6","3","4.9","9.6","134.4"
"113","Justin Jefferson","WR","MIN","15","13.9","20.9","20.5","2.8","-","-","-","-","-","-","-","BYE","2.7","8.4","20.1","5.9","24","13.4","134.2"
"114","Kansas City Chiefs","DST","KC","4","10","11","5","6","14","10","10","12","BYE","7","2","2","6","7","6","7","15","7.9","134"
"115","Rashee Rice","WR","KC","8.6","2","5.9","3.2","9.3","7.2","12","5.6","7.7","BYE","4.2","16.7","6.4","11.2","15.1","5.7","12.7","-","8.3","133.5"
"116","Chris Boswell","K","PIT","1","12","15","6","11","BYE","8","4","8","13","4","11","4","6","1","12","12","5","7.8","133"
"116","Tyler Bass","K","BUF","13","8","15","14","2","2","5","6","4","2","17","12","BYE","8","7","6","9","3","7.8","133"
"116","Tampa Bay Buccaneers","DST","TB","9","17","5","13","BYE","4","6","4","1","13","4","4","7","7","5","16","1","17","7.8","133"
"119","Aidan O'Connell","QB","LV","-","-","-","10.8","-","-","6","-","8.4","9.4","12.1","13.9","BYE","6","25.9","2.1","20.3","17.9","12.1","132.8"
"120","Javonte Williams","RB","DEN","5.7","5.8","6.5","0.9","-","7.2","9.6","15.8","BYE","17","5.3","7.1","7","15.1","2","7.9","5.8","13.5","8.3","132.2"
"121","Courtland Sutton","WR","DEN","9.2","6.6","11.1","8.7","1.3","10.6","13.6","8.9","BYE","9.3","12.6","6.1","13.7","12.2","7.1","0","-","0.2","8.2","131.2"
"122","Jake Moody","K","SF","14","14","12","5","6","5","7","5","BYE","10","9","7","6","4","10","6","9","2","7.7","131"
"122","Houston Texans","DST","HOU","8","-1","13","12","4","10","BYE","7","0","8","8","2","10","5","13","7","21","4","7.7","131"
"122","Nick Folk","K","TEN","18","10","4","11","12","10","BYE","4","11","6","2","7","9","8","5","5","5","4","7.7","131"
"122","New York Giants","DST","NYG","-1","-1","1","3","12","5","14","12","-1","0","23","12","BYE","8","1","10","16","17","7.7","131"
"126","Matt Prater","K","ARI","12","9","13","4","2","11","5","5","0","18","6","0","8","BYE","14","6","9","8","7.6","130"
"127","Zay Flowers","WR","BAL","8.7","6.8","5","5","7.3","11.1","7.5","1.9","1.1","7.3","5","18.2","BYE","14","0.7","13.2","16.6","-","8.1","129.4"
"128","Wil Lutz","K","DEN","4","9","8","9","7","0","15","6","BYE","15","17","9","5","6","5","1","11","2","7.6","129"
"129","Adam Thielen","WR","CAR","1.2","13.4","20.5","8.2","16.7","17.5","BYE","7.2","2.9","4.2","7.4","0.2","2.5","7.4","4.3","9.4","3.8","1.2","7.5","128"
"130","Zach Wilson","QB","DEN","9.2","11.4","6.4","19.2","9.6","10.9","-","12.1","7.2","14.9","7.7","-","-","19.2","-1","-","-","-","10.6","126.9"
"131","Jaylen Waddle","WR","MIA","7.8","8.4","-","4.6","9.5","11.1","6.3","18.1","5.4","BYE","5.5","11.4","5.2","7.9","20.2","5.2","-","-","9","126.6"
"132","Travis Kelce","TE","KC","-","8.6","12.9","6","12.7","12.4","23.9","5.8","1.4","BYE","8.4","9.1","8.1","8.3","2.8","4.4","1.6","-","8.4","126.4"
"133","Chris Godwin","WR","TB","5.1","5.8","5.2","11.4","BYE","7.7","6.6","12.8","1.6","5.4","3.9","4.5","7.9","5.3","15.5","7.9","14.1","5.5","7.4","126.2"
"134","Anders Carlson","K","GB","10","6","4","8","7","BYE","5","4","8","7","5","6","11","11","8","11","9","5","7.4","125"
"135","Terry McLaurin","WR","WAS","3.1","11.4","4.1","8.6","4.9","8.1","9","12.3","7.3","3.3","4.3","5","0","BYE","20.1","5","12.1","5.6","7.3","124.2"
"136","Minnesota Vikings","DST","MIN","2","5","2","17","2","21","8","10","4","8","2","11","BYE","20","7","4","1","0","7.3","124"
"137","T.J. Hockenson","TE","MIN","3.5","18.6","5.8","2.4","5.1","5","8.6","14.8","6.9","19.4","5.5","11","BYE","5.3","6.3","5.8","-","-","8.3","124"
"138","Ezekiel Elliott","RB","DAL","2.3","1.3","8.7","2.2","3.8","10.9","9.1","3.6","3.2","8.8","-","5.2","9.2","20","4.6","12","10.5","8.1","7.3","123.5"
"139","Tyler Lockett","WR","SEA","1","17.9","5.4","5.4","BYE","9.4","3.8","14.1","3.2","15.2","5.1","3","4.7","8.9","2.1","8.1","1","15.1","7.3","123.4"
"140","Daniel Carlson","K","LV","5","5","4","5","5","13","7","2","14","14","8","5","BYE","0","9","6","9","10","7.1","121"
"141","David Njoku","TE","CLE","2.4","2.8","2","4.6","BYE","2.4","5.4","13.7","8.6","5.8","5.6","5.9","1.7","21.1","16.4","10.4","11.4","-","7.5","120.2"
"142","Jacksonville Jaguars","DST","JAC","11","8","-4","20","5","12","9","11","BYE","1","7","4","3","6","5","1","18","3","7.1","120"
"142","Chicago Bears","DST","CHI","0","2","0","1","10","10","17","1","0","7","9","14","BYE","14","17","3","11","4","7.1","120"
"144","Tyler Allgeier","RB","ATL","21.4","4.8","2.9","1.2","6","5.1","11.2","3.1","9","3.8","BYE","6.4","2.6","4","5.1","14.8","14.8","3.4","7","119.6"
"145","Brandin Cooks","WR","DAL","2.2","-","1.7","2.7","1.3","11","BYE","11.2","0.7","23.3","4.2","13.2","12.5","3.7","1","8.3","12","10.2","7.5","119.2"
"146","Greg Joseph","K","GB","5","4","6","3","9","11","12","6","11","10","8","4","-","3","6","6","6","9","7","119"
"147","Mac Jones","QB","JAC","25.1","14.7","13.3","2.7","0.4","6.9","20","13.2","12.1","8.3","-","1.6","-","-","-","-","-","-","10.8","118.4"
"148","Garrett Wilson","WR","NYJ","9.4","14.3","4.8","6","5.4","9","BYE","10.6","6","9.3","-1.1","10.4","5","11.1","2.9","6.8","4.9","3.4","7","118.2"
"149","Tank Dell","WR","HOU","3.4","13.2","20.5","2.9","5.3","-","BYE","3.1","23.6","12.9","20.9","12.2","0","-","-","-","-","-","10.7","118"
"149","Denver Broncos","DST","DEN","3","0","2","13","8","5","3","17","BYE","8","9","16","5","14","-2","5","9","3","6.9","118"
"149","Cincinnati Bengals","DST","CIN","7","6","11","5","16","12","BYE","9","6","6","2","5","3","11","7","0","4","8","6.9","118"
"152","Gabe Davis","WR","JAC","3.2","15.2","9.3","12.1","16","0.1","0.6","14.7","0","7.6","0","16.5","-","0","0","19","2.1","0","6.8","116.4"
"153","Evan Engram","TE","JAC","4.9","5.7","6.7","5.9","2.8","4.1","4.5","6.8","BYE","1.2","2.9","4.9","14.2","21.5","2.8","7.5","6","13.9","6.8","116.3"
"154","Romeo Doubs","WR","GB","14.6","3","13.3","9.5","0.4","BYE","9","7.8","3.6","9.1","11.3","3.7","7.2","3.2","3","13.9","2.8","0","6.8","115.4"
"155","Green Bay Packers","DST","GB","15","3","5","3","9","BYE","2","7","12","1","5","15","6","4","6","1","12","9","6.8","115"
"156","Kenny Pickett","QB","PHI","11.7","11.3","18.5","4.5","12.4","-","15.2","3.9","10.3","6.6","5.1","11.6","3.1","-","-","-","-","-","9.5","114.2"
"157","Ka'imi Fairbairn","K","HOU","9","8","13","12","15","8","BYE","1","6","-","-","-","-","-","17","2","16","7","9.5","114"
"158","Los Angeles Chargers","DST","LAC","0","5","8","14","BYE","8","4","9","27","-4","3","3","17","4","-3","7","3","7","6.6","112"
"159","Taysom Hill","TE","NO","0.4","7.7","2.1","2.2","2","5.3","12.8","21.5","16.6","2.3","BYE","6.1","13.4","-","0.5","0.2","9.5","7.9","6.9","110.5"
"160","Rashid Shaheed","WR","NO","14","6.3","6","3.3","2.8","16.3","3.2","21.3","2.2","2.4","BYE","0.9","-","0","3.6","13.4","1.4","12.5","6.9","109.6"
"161","New England Patriots","DST","NE","6","5","9","3","1","2","5","5","8","6","BYE","12","7","5","7","15","9","4","6.4","109"
"161","Seattle Seahawks","DST","SEA","1","13","3","30","BYE","6","8","10","1","5","4","8","0","6","5","7","0","2","6.4","109"
"161","Eddy Pineiro","K","CAR","5","13","11","9","6","3","BYE","10","8","7","5","6","4","7","9","6","-","-","7.3","109"
"164","Joe Flacco","QB","IND","-","-","-","-","-","-","-","-","-","-","BYE","-","17.2","21.3","19.9","26.8","23.7","-","21.8","108.8"
"165","Cole Kmet","TE","CHI","4.4","3.8","2.2","20.6","10.2","0.9","0","7.9","17.5","4.6","2","4.3","BYE","6.6","8.3","10.7","0","4.1","6.4","108.1"
"166","Rhamondre Stevenson","RB","NE","8.9","12","6.2","4","2.4","13","8.5","5","18.9","10.2","BYE","16.7","1.9","-","-","-","-","-","9","107.7"
"167","Detroit Lions","DST","DET","9","0","16","10","7","10","-2","12","BYE","-2","6","0","5","4","5","12","6","9","6.3","107"
"168","Jake Ferguson","TE","DAL","1.1","7.1","4.8","7.7","2.8","1.5","BYE","10.7","15.1","8.6","3.2","3.5","13.7","7.2","4.4","4.5","3.3","6.9","6.2","106.1"
"169","Will Levis","QB","TEN","-","-","-","-","-","-","BYE","26.6","9.7","7","12.5","7.1","11.5","17.6","15.5","-","-1.4","-","11.8","106"
"170","Cooper Kupp","WR","LAR","-","-","-","-","11.8","20.8","4.9","2.1","4.8","BYE","1.1","1.8","9.9","17.5","17.1","4.9","8.7","-","8.8","105.4"
"171","Drake London","WR","ATL","0","12.7","3.1","8.8","8.7","12.5","5.4","5.5","-","3.6","BYE","9.1","0.8","19.2","2.4","3.9","5.6","4.1","6.6","105.4"
"172","Aaron Jones","RB","MIN","24.7","-","-","1.4","-","-","5.7","4.6","13.9","5.4","1.7","-","BYE","-","6.9","13.5","13","14.1","9.5","104.9"
"173","Kareem Hunt","RB","FA","-","-","3.5","1.2","-","13.1","15.1","12.7","9.8","9.2","3.7","2.2","4.8","9","2","7.6","9.1","0.5","6.9","103.5"
"174","Alexander Mattison","RB","LV","10.4","1.9","12.5","9.8","10.6","7.2","4.2","3.3","15.3","3.3","6","6.3","BYE","6.6","-","-0.1","3","2.9","6.5","103.2"
"175","Tennessee Titans","DST","TEN","9","3","5","12","1","5","BYE","8","1","6","0","10","9","9","13","4","2","5","6","102"
"175","Joey Slye","K","NE","8","11","5","7","8","6","1","9","8","10","8","5","1","-","2","4","5","4","6","102"
"177","Tyjae Spears","RB","TEN","2.8","5.5","0.9","5.8","12.9","6.3","BYE","3.6","2.2","6","2.6","0.7","8.8","11.8","3.7","6.7","2.9","18.6","6","101.8"
"178","Diontae Johnson","WR","CAR","4.8","-","-","-","-","-","7.9","8.5","15","1.7","1.6","5","9.3","11.7","12.2","1.5","7.6","14.9","7.8","101.7"
"179","Darius Slayton","WR","NYG","1.5","6.2","3.2","2.3","3.5","6.9","2.2","-0.1","5.9","2.1","14.2","1.6","BYE","1.4","6.3","15","16.6","12.2","5.9","101"
"179","Philadelphia Eagles","DST","PHI","13","7","12","5","5","6","10","2","7","BYE","6","4","-2","10","3","4","5","4","5.9","101"
"181","Trey McBride","TE","ARI","2.3","3.2","0.2","0.5","1.7","6.2","2.9","15.5","2.2","13.1","4.3","6","14.9","BYE","10.2","3.1","4.8","9.4","5.9","100.5"
"182","Tommy DeVito","QB","NYG","-","-","-","-","-","-","0","7.2","10.7","14.5","22.5","10.2","BYE","17.4","10.7","2.7","-","0.6","9.7","96.5"
"183","Tee Higgins","WR","CIN","0","20.9","2.1","1.9","-","2","BYE","6.9","11","-","-","-","3.6","7.2","18.1","20","1.9","-","8","95.6"
"184","AJ Dillon","RB","GB","3.6","6.3","3.3","1.1","13.6","BYE","9.5","5.2","4.3","8.1","6.1","8.1","8.7","7.8","-","7.2","2.7","-","6.4","95.6"
"185","Curtis Samuel","WR","BUF","6","3.2","5.4","11.2","12.5","10.2","2.5","2.2","-","0.6","0.5","10","6.5","-","16.1","2","3.3","3","6","95.2"
"186","Atlanta Falcons","DST","ATL","12","1","3","3","1","5","11","3","9","4","BYE","12","14","0","7","12","-1","-1","5.6","95"
"187","Christian Kirk","WR","JAC","0.9","11","11.4","8.4","8.4","10.9","13","4.6","BYE","8.4","4.8","8.9","2.6","-","-","-","-","-","7.8","93.3"
"188","Riley Patterson","K","JAC","3","7","8","10","6","8","0","17","BYE","12","3","0","9","1","-","-","7","2","6.2","93"
"189","Khalil Herbert","RB","CHI","8.4","5.8","1.5","18.2","7.6","-","-","-","-","-","4.1","3.8","BYE","0.8","1.2","18.1","18.9","4.1","7.7","92.5"
"190","Dalton Schultz","TE","HOU","0.4","3.4","0.9","10.2","12.5","12.1","BYE","0.5","17","7.1","9.2","0.2","-","-","5.8","6.1","1.9","4.2","6.1","91.5"
"191","Deshaun Watson","QB","CLE","21.7","12.6","21.2","-","BYE","-","-0.8","-","19","17.2","-","-","-","-","-","-","-","-","15.1","90.8"
"192","Mark Andrews","TE","BAL","-","10.5","3.5","20","6.5","6.9","18.3","10","8","4.4","2.3","-","BYE","-","-","-","-","-","9","90.4"
"193","Tyrod Taylor","QB","NYJ","0.2","-","0.2","-","4.8","10.4","21.7","3.6","-","-","-","-","-","-","0.5","10.4","19.8","18.7","9","90.3"
"194","Josh Downs","WR","IND","3","3.7","5.7","3.4","9.7","8.1","18.5","7.2","1","4","BYE","4.3","1.4","3.2","1.9","3.9","5.3","4.8","5.2","89.1"
"195","Josh Reynolds","WR","DEN","8","18.6","-","6.9","13.6","5","4.3","-0.7","BYE","1.5","1.1","7.5","1.2","10.4","4.1","1.6","1.3","4.4","5.6","88.8"
"196","Jerry Jeudy","WR","CLE","-","2.5","8.1","5.2","5","1.4","6.4","11","-","3.5","5.8","1.1","5.1","1.6","7.4","4.4","5.4","13.9","5.5","87.8"
"197","Ryan Tannehill","QB","FA","5.4","21","4.2","13.7","10.8","2","-","-","-","-","-","-","-","-","-","9.8","6.7","13.4","9.7","87"
"198","Jaxon Smith-Njigba","WR","SEA","1.3","3.4","1","0.5","BYE","4.8","12.3","9.6","6.3","5.3","4","4.1","6.2","2.5","10.8","6.1","7.2","1.4","5.1","86.8"
"199","Kyle Pitts","TE","ATL","4.4","1.5","3.7","2.1","8.7","10.3","4.7","3.5","5.6","3","BYE","2.2","5.1","11.7","3.7","10.9","0.5","2.7","5","84.3"
"200","Hollywood Brown","WR","KC","5.7","11.4","12.1","9.6","12.1","3.4","4.9","9.3","2.4","2.8","1.2","8.8","0","-","0","-","-","-","6","83.7"
"201","Los Angeles Rams","DST","LAR","6","0","5","4","3","10","2","1","9","BYE","5","5","7","2","6","4","8","6","4.9","83"
"202","Justice Hill","RB","BAL","12.9","5.3","-","3.3","8.5","3.5","4.8","5.5","4","0.7","0.7","3.1","BYE","1.2","2.3","5.7","17.2","2.6","5.1","81.3"
"203","Chad Ryland","K","NE","2","6","10","3","0","6","12","5","6","6","BYE","1","0","3","5","10","3","3","4.8","81"
"204","Dontayvion Wicks","WR","GB","0","10","4.5","0","1","BYE","2.4","2.8","2.9","5.1","9.1","-","4.3","2","9.7","8.9","-","18.1","5.4","80.8"
"205","DJ Chark Jr.","WR","LAC","-","1.5","14.6","2.8","10.2","2.6","-","2.3","6.9","-","0","3.4","5.6","2.6","1.8","21.8","1.8","2.6","5.4","80.5"
"206","D'Onta Foreman","RB","CLE","2.4","-","-","-","BYE","6.7","30","3.6","8.3","15.2","7.4","-","-","7.2","-0.6","-","-","-","8.9","80.2"
"207","Ty Chandler","RB","MIN","1.8","0.9","3.1","0","1.5","0","1.2","0","-","10.5","11","1.1","BYE","4.2","21.7","7.7","6.4","8.9","5","80"
"208","Antonio Gibson","RB","NE","-0.1","5.3","0.4","2.6","6.4","7.6","3.1","4.2","7.6","11.5","BYE","3.7","7.2","-","3.5","9.2","3.6","3.6","5","79.4"
"209","Tyler Boyd","WR","TEN","1","5.2","3.9","2.6","3.9","9.8","BYE","10.6","5.6","11.7","2.2","2.3","3.2","2.3","5.3","5.9","2.9","0.4","4.6","78.8"
"210","Bailey Zappe","QB","NE","-","-","-","2.3","0.9","-","-","-","-","0","BYE","1.2","7.2","21.9","10.4","16.4","15.1","2.8","7.8","78.2"
"211","Hunter Henry","TE","NE","11.6","11.2","1.7","5.1","0","0.7","2.7","2.8","9.9","2.1","BYE","0","1.5","16","12.6","-","-","-","5.6","77.9"
"212","Dalton Kincaid","TE","BUF","2.6","4.3","0.3","2.7","1.9","-","7.5","12.5","6.1","11.1","4.6","3.8","BYE","2.1","0","0.7","8.7","8.4","4.8","77.3"
"213","Dallas Goedert","TE","PHI","0","2.2","4.1","2.5","17.7","4.2","13.7","3.6","5","BYE","-","-","-","3","3.1","7.1","10.7","0.4","5.5","77.3"
"214","Brett Maher","K","FA","15","13","11","16","2","15","4","-","-","-","-","-","-","-","-","-","-","1","9.6","77"
"215","Michael Wilson","WR","ARI","1.9","5.6","8.6","19.6","1.8","6.2","2.6","5.8","-","3.4","-","-","-","BYE","0","0","11.5","9.5","5.9","76.5"
"216","Jahan Dotson","WR","WAS","4","2.2","2.1","8.7","3","0","4.3","16.8","12.9","0","8.3","5.2","2.3","BYE","1.2","3.1","0","1.7","4.5","75.8"
"217","Jaleel McLaughlin","RB","DEN","-0.7","6.5","1.5","16.4","14.9","4.2","4.6","3.9","BYE","1.2","1.5","0.4","2.1","3.2","1.8","6.7","6.2","0.6","4.4","75"
"218","Nick Mullens","QB","MIN","-","-","-","-","-","-","-","-","-","-","-","-","BYE","3.3","19.1","20.5","9.1","22.6","14.9","74.7"
"219","Rico Dowdle","RB","DAL","2.4","4.3","10.6","1.7","1.5","1.2","BYE","2.5","0.8","13.9","2","8.6","2.2","11.2","1.2","0.4","-","10","4.7","74.5"
"220","Jonnu Smith","TE","MIA","0","4.7","3.7","9.5","4.7","9.6","2.7","1.3","16","0.1","-","0","1","2.7","6.1","3.2","0","8.9","4.4","74.2"
"221","Khalil Shakir","WR","BUF","-","7.1","0.5","0","1.1","1.3","3.5","9.2","5.7","2.4","17.5","4.7","BYE","1.2","0","4.5","4.9","10.5","4.6","74.1"
"222","Anthony Richardson","QB","IND","21.9","17.7","-","29.6","4.4","-","-","-","-","-","BYE","-","-","-","-","-","-","-","18.4","73.7"
"223","Tutu Atwell","WR","LAR","11.9","8.2","13.2","2.4","6.9","3","9.1","4.9","1.3","BYE","1.7","7.6","0.9","0","-","0","0","2.3","4.6","73.4"
"224","Christian Watson","WR","GB","-","-","-","8.5","8.6","BYE","2.7","3.3","3.7","2.3","8.2","15.4","20.6","-","-","-","-","-","8.1","73.3"
"225","Wan'Dale Robinson","WR","NYG","-","-","2.1","4.7","1.9","6.2","2.2","1.7","9.5","0.6","3.7","2.6","BYE","11.5","2.5","1.6","13.9","8.5","4.9","73.2"
"226","Elijah Moore","WR","CLE","6.2","4.1","2.8","0","BYE","2.7","5.9","3","1.4","10.4","6","2.4","8.3","4.2","1.7","1.9","12.1","0","4.3","73.1"
"226","Jimmy Garoppolo","QB","LAR","16.1","9.5","20.7","-","11.7","9.9","-","5.2","-","BYE","-","-","-","-","-","-","-","0","10.4","73.1"
"226","Zach Charbonnet","RB","SEA","1.1","3","4.5","4","BYE","1.9","-","6.4","1.3","6.2","6.9","5.8","15.9","4.8","1.6","-0.4","4.1","6","4.6","73.1"
"229","Odell Beckham Jr.","WR","MIA","3.7","2.9","-","-","1.3","3.4","4.9","0","9.6","10","11.6","3.4","-","15.7","1.4","1.3","3.3","-","5.2","72.5"
"230","K.J. Osborn","WR","NE","3.1","9.4","9.6","1.6","4.9","4.8","4.7","9.9","1.7","-","0.7","3.4","-","1.5","0.3","15.5","0","0.9","4.5","72"
"231","Logan Thomas","TE","FA","4.3","8.2","-","4.3","11.7","0.2","5.1","10.4","3.1","4","3.8","1.5","2","-","0.7","9.6","2","0.9","4.5","71.8"
"232","Samaje Perine","RB","DEN","7.8","2.4","2.4","3.5","7.5","-0.4","4.1","2.1","BYE","4.3","6.7","12.6","0.6","4.4","4.8","2.9","2.6","3","4.2","71.3"
"233","Isaiah Likely","TE","BAL","0.4","0.8","2","0","0","0","0","1","4.2","0.5","0","4","BYE","14.3","13","5.6","16.2","9.1","4.2","71.1"
"234","Carolina Panthers","DST","CAR","4","7","0","13","-2","4","BYE","8","4","7","0","2","3","3","8","0","3","7","4.2","71"
"235","Lucas Havrisik","K","FA","-","-","-","-","-","-","-","7","5","-","5","7","11","13","8","12","2","-","7.8","70"
"235","Taylor Heinicke","QB","ATL","-","-","-","-","-","-","-","12.4","15.7","9.6","BYE","-","-","-","-","14.2","18.1","-","14","70"
"237","Dameon Pierce","RB","HOU","4.7","3.5","11.9","10.8","8.2","3.4","BYE","4.6","-","-","-","1.8","10.1","0.7","0.3","7.6","2.1","0","5","69.7"
"238","Cade Otton","TE","TB","1.9","4.1","1.6","7.3","BYE","1.5","4.3","4.7","17","1","4.9","4.5","0","7.6","4.4","0.7","1","3","4.1","69.5"
"239","Joshua Palmer","WR","LAC","0.4","1.3","10.6","7.7","BYE","6","13.3","2.4","-","-","0","-","-","-","17.3","4.7","-","5","6.2","68.7"
"240","Noah Brown","WR","HOU","1.9","-","-","-","-","3.7","BYE","5.7","21.3","17.2","-","-","0","0","14.2","3.8","0.8","-","6.9","68.6"
"241","Roschon Johnson","RB","CHI","11.5","4.2","4.9","1.5","1.9","-","-","3.1","1.5","3.2","3","7.5","BYE","0.6","6","5.3","11.9","2","4.5","68.1"
"242","Easton Stick","QB","LAC","-","-","-","-","BYE","-","-","-","-","-","-","-","-","5.2","18.4","16.6","11.9","16","13.6","68.1"
"243","Kenneth Gainwell","RB","PHI","7.4","-","4.8","4.1","2.4","1.7","7.6","0.6","8.3","BYE","0.5","3.6","4.7","2.8","2.1","7.9","2.7","6.2","4.2","67.4"
"244","Latavius Murray","RB","FA","1.7","9.1","8.1","5.6","0.7","4.5","2.8","1.1","1","12.9","3.5","4.8","-","3","7.1","0","0","-","4.1","65.9"
"245","Arizona Cardinals","DST","ARI","19","4","5","-3","4","5","9","3","1","3","10","-2","6","BYE","-4","3","2","0","3.8","65"
"245","Rondale Moore","WR","ATL","4.5","1.4","12.2","0","7.6","2.6","2.6","2.1","0.8","4.3","11.4","3.5","0.6","-","0.8","3.6","3.4","3.6","3.8","65"
"247","Washington Commanders","DST","WAS","11","10","1","8","-1","10","9","2","3","0","9","-4","-4","BYE","6","3","1","0","3.8","64"
"248","Alec Pierce","WR","IND","0.5","2.8","4.3","3.8","1","2.5","5.3","4.1","0","2.1","BYE","2.7","16","2.2","1.3","3","11.8","0","3.7","63.4"
"249","Kendrick Bourne","WR","NE","18.4","2.9","4.6","3.6","4.3","9.3","10.3","9.6","-","-","BYE","-","-","-","-","-","-","-","7.9","63"
"250","Daniel Jones","QB","NYG","6.5","31.7","5","10.7","7.2","-","-","-","1.9","-","-","-","BYE","-","-","-","-","-","10.5","63"
"251","Kalif Raymond","WR","DET","2","11.7","5.5","3.8","4.5","2.6","2","2.2","BYE","4.6","0.5","9.6","0.9","1.5","1.2","3.7","1.1","5","3.7","62.4"
"252","Nelson Agholor","WR","BAL","0","12.3","3.9","0.4","6.4","4","7.2","0","0.2","0","9.7","2.1","BYE","3.2","0","7","1.8","3.9","3.7","62.1"
"253","Tyler Conklin","TE","NYJ","0.2","5","2.6","5.8","6.7","2.4","BYE","0","6.6","7","1.8","3.3","3.5","5.7","1.8","3.6","4.5","1.6","3.7","62.1"
"254","Justin Watson","WR","KC","4.5","4.2","5.1","0.5","5.6","0","-","4.2","1.5","BYE","11.3","6.3","0","1.8","3.1","9.8","4.1","0","3.9","62"
"255","Tyler Higbee","TE","LAR","4.9","1.2","7.1","6.4","2","1.8","0.7","4.5","0","BYE","1.7","14.9","3.5","-","3.6","3","6.2","-","4.1","61.5"
"256","Demarcus Robinson","WR","LAR","-","-","-","-","-","-","-","-","1.5","BYE","2.4","1.3","11.5","10.6","12.7","14.2","7.2","0","6.8","61.4"
"257","Darren Waller","TE","NYG","3.6","7.6","2","2.1","8.6","4.3","15.8","0.4","-","-","-","-","BYE","-","4","3.2","5.1","4.5","5.1","61.2"
"258","Keaton Mitchell","RB","BAL","-","-","-","-","-","-","0.9","-","19.4","12.6","4.1","8.9","BYE","6.2","8.8","-","-","-","8.7","60.9"
"259","Juwan Johnson","TE","NO","3.6","1.3","1.2","-","-","-","-","0.5","8.9","0.2","BYE","4.5","0","1","9.8","10.8","15","4","4.7","60.8"
"260","Miles Sanders","RB","CAR","7.8","4.7","12.2","3.2","1.2","-","BYE","0","6.1","1","5.2","2.8","2.9","7.4","1.3","0.8","2.2","1.8","3.8","60.6"
"261","Gerald Everett","TE","CHI","2.3","4.7","3","0.9","-","7.8","8.6","-","1.8","0","-","10.3","4.4","3.9","4.1","4.2","3.7","0.4","4","60.1"
"262","Chigoziem Okonkwo","TE","TEN","0","3.5","0.7","2.9","3.3","1.8","BYE","2.7","2.8","2.7","0.6","4.5","6.4","4.6","3.6","12.3","3.4","3.6","3.5","59.4"
"263","Jerick McKinnon","RB","FA","1","2.2","14.8","0.7","2.5","2","2.6","0.8","8.4","-","1.5","-","-","9.7","13.2","-","-","-","4.9","59.4"
"264","Tyson Bagent","QB","CHI","-","-","-","-","-","6.7","12.9","13.2","18.8","7.7","-","-","BYE","-","-","-","-","-","11.9","59.3"
"265","Zamir White","RB","LV","0.7","0.2","-","1.5","-","0.9","2.8","0","-0.2","0.5","-","0","BYE","0.8","14.5","14.5","10.6","12.1","4.2","58.9"
"266","DeMario Douglas","WR","NE","4","-0.1","2","4.5","2.4","-","7.4","2.9","5.5","8.4","BYE","4.9","-","-","3.3","7.4","4.3","1.3","4.2","58.2"
"267","Nick Westbrook-Ikhine","WR","TEN","5.8","8.5","-","11.1","0.9","2.5","BYE","9.3","2.3","0.9","0.7","4.1","2.8","4.8","3.3","-","-","-","4.4","57"
"268","Trey Palmer","WR","TB","6.8","2","0.8","6.6","BYE","4.7","0.5","2.2","5.1","2.1","2.8","1.7","2.5","0.8","0.5","4.2","12.4","1","3.3","56.7"
"269","Jameson Williams","WR","DET","-","-","-","-","0.2","11.3","0","1.6","BYE","1.8","10.4","5.1","9","0.4","4.7","4.3","7.5","-","4.7","56.3"
"270","Quentin Johnston","WR","LAC","0.9","0.7","1","1.8","BYE","0","2","5","1.6","9.4","2.1","0.7","5.2","9.1","8.3","3","2.9","2.3","3.3","56"
"271","Brandon Johnson","WR","DEN","3.1","18.6","1.2","6.4","0.9","0","0","-","BYE","-","-","-","0","0","0","12.7","2.7","8.8","4.2","54.4"
"272","Michael Gallup","WR","LV","1","0.3","9.2","6","1.5","2.4","-","2","1.9","13","3.1","1.3","0","10.8","0.9","0.4","0","0","3.2","53.8"
"273","Joshua Kelley","RB","FA","15.1","3.9","1.7","6.5","-","0.4","13.5","2.1","2.2","1.6","1.3","1.4","2.5","0.6","0.8","-0.2","0.2","0.1","3.2","53.7"
"274","Mitchell Trubisky","QB","BUF","-","-","-","0.7","-","-","-","9.3","-","-","-","-","7.2","21.6","14.9","-","-","-","10.7","53.7"
"275","Clyde Edwards-Helaire","RB","KC","2.9","1.7","11.7","1.3","0.4","1.6","0.5","0.4","-","BYE","2","0.5","1.4","6.8","16.1","4.8","-","1","3.5","53.1"
"276","Tre Tucker","WR","LV","-","3.4","-","-","1.6","6.1","1.8","0","5.6","0.9","3","0","BYE","0","17.7","0.1","3.6","9","3.8","52.8"
"277","Donald Parham Jr.","TE","LAC","8.2","0.7","12.4","0","BYE","1.9","0.9","10.3","0","1.8","5.7","0","1.2","1.1","-","-","-","8.3","3.8","52.5"
"278","Emari Demercado","RB","ARI","-","0.5","0.2","2.4","11.7","1.7","7.5","7.9","-","-","-","1.5","0","BYE","13","5","0.9","0","4","52.3"
"279","Michael Thomas","WR","FA","6.1","5.5","5","5.3","6.5","4.5","10.2","6.8","0","0.9","-","-","-","-","-","-","-","-","5.1","50.8"
"280","Graham Gano","K","NYG","0","7","9","5","13","10","2","4","-","-","-","-","BYE","-","-","-","-","-","6.3","50"
"281","Robert Woods","WR","HOU","5.7","7.4","3.4","2.6","3","6.6","BYE","-","-","1.5","4.4","4","0","-0.2","3","2.1","5.8","-","3.5","49.3"
"282","Marvin Mims Jr.","WR","DEN","0.9","18.3","13.6","4.7","-1.6","0","-1.1","0","BYE","-0.3","1.2","3.5","1.3","1.1","1.1","4.3","-","1.7","3","48.7"
"283","A.T. Perry","WR","NO","-","-","-","-","-","-","-","0","0","9.8","BYE","0.7","3","4.4","3.4","9.5","0.5","17.3","4.9","48.6"
"284","Darnell Mooney","WR","ATL","11.3","-","0","5.1","0","4.8","3.4","4.4","8.2","1.4","2.4","0.6","-","4.4","1.4","0.5","-","-","3.4","47.9"
"285","KaVontae Turpin","WR","DAL","8.5","1.5","0","5.1","8.6","0","BYE","1.3","6.5","-","2.3","9.4","1","2.2","0","0.8","0","0.5","3","47.7"
"286","Cedrick Wilson Jr.","WR","NO","-","-","-","1.6","5.2","0","4.8","6.1","9.1","-","2.3","0","0","3","0.2","4.2","8.7","2.4","3.4","47.6"
"287","Tucker Kraft","TE","GB","-","-","-","0.5","0","BYE","0","0","0","0.6","3.2","7.5","3.7","6.4","11.7","6","4.8","3.1","3.4","47.5"
"288","Chris Moore","WR","ARI","0","4.9","4.1","4.4","0","0.6","-","0","2.9","2.1","8.7","4.2","1.2","2.2","3.9","0.9","3.2","3","2.7","46.3"
"289","Royce Freeman","RB","DAL","-","-","0","0","-","-","6.6","10.4","3.2","-","7.3","13.7","0","0.9","1.6","-","-","1.5","4.1","45.2"
"290","Pat Freiermuth","TE","PIT","6.3","0.2","10.1","0.7","-","BYE","-","-","-","-","0.7","12","2.9","3.8","1.6","0","4.4","2.1","3.7","44.8"
"291","Rashod Bateman","WR","BAL","3.5","1.8","0.6","-","0.8","1.5","3.6","5.2","2.8","2.5","7","2.1","BYE","2.4","3.9","1.4","5.4","0","2.8","44.5"
"292","Michael Mayer","TE","LV","0","0.2","2","-","3.9","7.5","1.3","1.9","1.1","7.9","4.6","2.7","BYE","1.4","9.9","-","-","-","3.4","44.4"
"293","Zay Jones","WR","ARI","11.5","0","-","-","8.3","-","-","-","-","-","2","1","7.8","2.9","5.9","-","-","4.7","4.9","44.1"
"294","Kylen Granson","TE","IND","3.9","7.6","0.9","2.4","1.5","6.7","-","-","0","0.5","BYE","0","7.4","1.7","0.6","6.2","1.3","2.3","2.9","43"
"295","Jamaal Williams","RB","NO","5.2","2.9","-","-","-","-","1.4","3.8","1.2","1","BYE","1","1.6","4.3","2.6","1.3","7.1","9.4","3.3","42.8"
"296","Noah Gray","TE","KC","3.1","3.8","0.9","9.4","2.1","1.5","0.8","2.5","3.4","BYE","0","3","6.2","0","3.7","0.5","1.7","0","2.5","42.6"
"297","Jonathan Mingo","WR","CAR","1.7","2.6","2.1","-","4.8","2.1","BYE","6.2","0.5","2","0.6","6","6.9","2.2","3.2","0.9","0","-","2.8","41.8"
"298","Jordan Mason","RB","SF","-","0","1.1","2.3","12.9","8.7","0","0","BYE","0","0","0","1","8.6","2","0","0.3","4.8","2.6","41.7"
"299","Elijah Mitchell","RB","SF","1","-","4.4","-","-","-0.3","-0.1","0.2","BYE","2.3","2.4","3.6","1.3","-","-","-","14","12.7","3.8","41.5"
"300","Noah Fant","TE","SEA","-","5.6","4.1","6.3","BYE","0.9","2.5","3.2","0","0.6","0.4","2.5","4.3","3.5","1.6","0","5.9","0","2.6","41.4"
"301","Luke Musgrave","TE","GB","5","2.5","4.9","0.1","3.4","BYE","3","0.9","11.1","6.4","2.8","-","-","-","-","-","-","1.1","3.7","41.2"
"302","Tanner Hudson","TE","CIN","-","-","3","1.8","-","-","BYE","-","4.5","3.3","4.9","1.8","3.5","8.1","4.9","0.5","3.8","1.1","3.4","41.2"
"303","Greg Dortch","WR","ARI","0","0","0","0","0","0","0","-","0.2","0","7.6","8.7","1.9","BYE","2","10.5","8.2","1.4","2.5","40.5"
"304","Mason Rudolph","QB","TEN","-","-","-","-","-","-","BYE","-","-","-","-","-","-","-","0.1","20","11.5","8","9.9","39.6"
"305","Chase Brown","RB","CIN","-","0.2","0","-0.3","0.2","1.2","BYE","-","-","-","-","0","6.1","16.5","5.1","2.4","2.8","5.3","3.3","39.5"
"306","DeVante Parker","WR","PHI","-","5.7","1.9","3.3","2","0.7","0.8","1.4","-","BYE","-","4.2","6.4","-","4.4","6.5","1.5","0.6","3","39.4"
"307","Isaiah Hodgins","WR","NYG","0.4","10","0","2.4","1.9","0","1.3","0","0","0","2.2","7.2","BYE","8.2","0","0","1.8","3.6","2.3","39"
"308","Adam Trautman","TE","DEN","3.4","0","0","0","8.6","0.4","0.5","0","BYE","1.5","3.3","6.8","0.6","7.9","2.4","0","0.9","2.1","2.3","38.4"
"309","Brandon Powell","WR","MIN","0","-2","0.5","0","5.2","1.9","6.9","1.2","7.5","3.5","3.2","4.7","BYE","0","0","5.3","0","0.2","2.2","38.1"
"310","Jake Bobo","WR","SEA","-","0.3","6.5","0","BYE","4.3","12.1","8.6","0","1.3","0.8","0.6","0.9","0","0.4","0.8","0.4","0.9","2.4","37.9"
"311","Pierre Strong Jr.","RB","CLE","0","6.1","2.7","4.9","BYE","0","2.5","8.2","0.2","0","0.5","0","2","0","1.1","2.2","0.9","6.5","2.2","37.8"
"312","Xavier Gipson","WR","NYJ","6","0","0","1.7","-2","1.8","BYE","0.3","3.2","2.4","-1.3","1.5","7.8","7.2","2.9","1.7","4.1","0.4","2.2","37.7"
"313","Trenton Irwin","WR","CIN","0","-","-","1.7","6","0","BYE","2.4","0","11.4","3.6","2.5","2.5","0","0","3.7","0.4","3.4","2.5","37.6"
"314","Tommy Tremble","TE","CAR","0","0","1.5","-","6.1","2.5","BYE","6.4","1.2","1.6","6.4","0.7","-","0.2","3.2","5.9","0.6","1.1","2.5","37.4"
"315","Jalin Hyatt","WR","NYG","0","8.9","-","1","0","2.1","7.5","0","1.9","0","0.7","10.9","BYE","1.3","0","0","2.5","0.5","2.3","37.3"
"316","Allen Lazard","WR","NYJ","4.6","2.3","3.9","12.1","3.3","0.8","BYE","4.5","1.8","1.7","0","-","0","0","2.1","0","-","-","2.7","37.1"
"317","Jalen Tolbert","WR","DAL","0","1.8","-","5.3","0","-2","BYE","0","10.9","0.2","1.2","4.9","1.7","0","0","5.1","0.9","6.8","2.3","36.8"
"318","Colby Parkinson","TE","LAR","0.8","4.1","3.8","0","-","1.9","2.6","0","0.6","0.3","0","0.9","0","8.8","0.6","7.7","3.8","0.8","2.2","36.7"
"319","Durham Smythe","TE","MIA","4.4","2.3","1.5","4.1","0","0","0","2.8","1.7","BYE","-","1","0","1.6","3.2","5.6","5.4","3","2.3","36.6"
"320","Mike Gesicki","TE","CIN","3.6","3.3","1.8","1.2","1.7","2.8","6.5","1.1","0","2.2","-","0","0","0","0.7","7.5","3.5","0.5","2.1","36.4"
"321","Mo Alie-Cox","TE","IND","0","1.5","-","9.5","1.7","0","-0.6","1.1","0","0","BYE","3","0","6.2","8.1","0","1.8","3.8","2.3","36.1"
"322","Chris Rodriguez Jr.","RB","WAS","0.7","0","-","-","-","2.3","3.1","-","0","-","2.8","2.1","2.9","BYE","3.5","18.5","-","-","3.6","35.9"
"323","Cam Akers","RB","MIN","8.9","-","-","5.1","1.8","1.5","6.1","8.5","3.8","-","-","-","BYE","-","-","-","-","-","5.1","35.7"
"324","Calvin Austin III","WR","PIT","3.7","0.8","13.2","2.9","0","BYE","0.1","2.9","1","0.9","0","0.5","1","1.2","0","6.7","0","0.8","2.1","35.7"
"325","Andrei Iosivas","WR","CIN","0","-","-","0","0.9","6.3","BYE","6.2","0.9","0","-","1.6","0","0","0.5","3.6","0","15.6","2.5","35.6"
"326","Marquez Valdes-Scantling","WR","BUF","4.8","1.3","3.7","0.6","1.2","0","14.4","0.7","2.2","-","0","-0.1","2.5","2.2","1.7","0","0.3","-","2.2","35.5"
"327","Michael Carter","RB","ARI","1.8","1.1","0.3","2.1","2.2","0.5","-","0.2","2.4","0","-","3.4","2.5","BYE","3.7","0","12.7","1.9","2.3","34.8"
"328","David Bell","WR","CLE","0","2.7","-","-","BYE","0.6","0","0","-","-","0","0","1.2","10.1","0","0.6","0.7","18.8","2.7","34.7"
"329","Lil'Jordan Humphrey","WR","DEN","7.1","0.4","-","1.1","0","0","0","0","BYE","1.4","0","1.3","1.2","1.2","7.6","0","12.9","0","2.1","34.2"
"330","Brevin Jordan","TE","HOU","-","2.7","7.3","0","0","1.1","BYE","-","-","-","0","0.9","6.4","3.5","1.4","2.7","7.9","0","2.6","33.9"
"331","Darrell Henderson Jr.","RB","FA","-","-","-","-","-","-","12.6","8.5","3.5","-","8.9","-","-","-","-","-","-","-","8.4","33.5"
"332","Kendre Miller","RB","NO","-","-","3.4","0.8","9","1.2","0","1.9","3.1","-","BYE","-","-","-","-","-","-","13.9","4.2","33.3"
"333","Skyy Moore","WR","KC","0.4","13","4.2","1.9","1.1","2.2","1.5","0.8","3.3","BYE","0.4","3.4","0.5","0","0","-","-","-","2.3","32.7"
"334","Dawson Knox","TE","BUF","2.5","7","1.1","1.2","1.7","1.7","3","-","-","-","-","-","BYE","3.6","0","2.6","0","8.2","2.7","32.6"
"335","Jauan Jennings","WR","SF","0","5.1","3.1","-","1.9","2.6","5.4","0","BYE","0.8","0","0.7","10.4","0","2.5","-","-","-","2.5","32.5"
"336","Drew Lock","QB","NYG","-","-","-","3.6","-","-","-","-","-","-","-0.9","-","BYE","17.3","12.1","-","-","-","8","32.1"
"337","JuJu Smith-Schuster","WR","NE","3.3","2.8","0.5","1.4","0.6","-","-","6.3","5.1","0.9","BYE","1","1.1","9","-","-","-","-","2.9","32"
"338","Josh Oliver","TE","MIN","3.2","1.3","6.4","0","-0.5","0","0.6","0","0.1","0","10.7","0","BYE","0","1.4","3.3","1.7","3.1","1.8","31.3"
"339","Mike Williams","WR","NYJ","4.5","8.6","18.1","-","-","-","BYE","-","-","-","-","-","-","-","-","-","-","-","10.4","31.2"
"340","Trevor Siemian","QB","FA","-","-","-","-","-","-","-","-","-","-","-","-","1.4","-","0.4","11.5","14.7","2.9","6.2","31"
"341","Braxton Berrios","WR","MIA","4.2","2.8","3.3","11.4","1.3","2","0.7","0.8","0","BYE","-","0","0","1.3","1.2","0","1","0.9","1.9","30.9"
"342","Matt Breida","RB","FA","0.6","0.5","7.8","7.8","2.4","1.3","0.9","1.7","1.1","0.3","-0.1","1.6","-","1.6","2.1","0.3","0","0","1.8","29.9"
"342","Bo Melton","WR","GB","-","-","-","-","-","BYE","-","-","-","-","-","0","-","-","0.7","5.1","16.5","7.6","6","29.9"
"344","Alex Erickson","WR","FA","-","-","-","-","-","-","-","-","-","-","1.2","1.7","2.3","0.9","7.3","3.1","9.8","2.9","3.7","29.2"
"345","Randy Bullock","K","FA","-","-","-","-","-","-","-","-","0","6","7","5","-","6","5","-","-","-","4.8","29"
"345","Matt Ammendola","K","FA","-","-","-","-","-","-","-","-","-","13","3","3","10","0","-","-","-","-","5.8","29"
"347","Olamide Zaccheaus","WR","WAS","-","-","11.8","1.1","0","0.5","0","0.5","0.8","-","0","8.9","0","2.8","0","0","0","2","1.9","28.4"
"348","Drew Sample","TE","CIN","0","0","0.7","-0.1","0","0.4","BYE","0","9","1.2","1.9","7.1","1.1","0.4","0","3.8","2.1","0.7","1.7","28.3"
"349","Scotty Miller","WR","PIT","0","0","-","-","1","0.4","4.6","7.4","0","6.2","-","0.4","0","0","0","1.5","0","6.6","1.9","28.1"
"350","Allen Robinson II","WR","NYG","6.4","1.2","2.4","0.8","2.9","-","0.7","0","1","0","2","1.1","1.9","2.1","1.9","3.6","0","0","1.6","28"
"351","Cordarrelle Patterson","RB","PIT","-","-","-","-","0.7","0.6","5.6","0.7","0.3","2","-","4.3","1.7","0.7","6","3.3","0","2","2.1","27.9"
"351","Jimmy Graham","TE","FA","-","0","6.8","-","0","0","0","-","-","-","-","-","6.6","7.6","6.9","0","0","0","2.5","27.9"
"353","Andrew Beck","TE","HOU","0","0.2","6","0","0","0","BYE","4.9","0.5","-","0","0.1","0.5","2.6","-0.5","6.6","-","6.9","1.9","27.8"
"354","Jarrett Stidham","QB","DEN","-","-","-","-","-","-","-","-","BYE","-","-","-","-","-","0","-","13.6","14.1","9.2","27.6"
"355","Jeff Wilson Jr.","RB","MIA","-","-","-","-","-","-","0.4","3.7","3.8","BYE","-","7.3","1.1","0","0.6","2.5","3.4","4.5","2.7","27.3"
"356","Carson Wentz","QB","KC","-","-","-","-","-","-","-","-","-","BYE","-","0","-","-","-","-","-","27.1","13.6","27.1"
"357","Salvon Ahmed","RB","MIA","1.1","4.1","-","-","-","9.4","0.3","1.7","1.2","BYE","9.1","0","-","-","-","-","-","-","3.4","26.9"
"358","Drew Ogletree","TE","IND","2","-","1.1","10.8","1.6","0","0","9.3","1.9","-","BYE","-","0","0","0","0","-","-","2.2","26.7"
"359","Jamal Agnew","WR","FA","-0.2","0.5","2.9","-","0.1","0","3.5","0","-","0","-","-","-","-","13","1.2","5.3","-","2.4","26.3"
"360","Dorian Thompson-Robinson","QB","CLE","-","-","-","4.2","BYE","-","-","0.4","-","-","7.6","11.5","-","0.5","0.2","1.7","-","-","3.7","26.1"
"361","Kadarius Toney","WR","KC","0","3.8","-0.1","2.2","2.7","6.4","1.3","0.1","1.8","BYE","2.6","-","0.6","4.1","0.5","-","-","-","2","26"
"361","Michael Badgley","K","DET","-","-","-","-","-","-","-","-","BYE","-","-","-","-","-","6","6","8","6","6.5","26"
"363","Chase Edmonds","RB","TB","0.8","1.2","-","-","BYE","-","-","2.1","-0.6","0.7","1.9","1.1","0.9","5.8","1.3","2.5","5.6","2.4","2","25.7"
"364","Tyler Huntley","QB","CLE","-","-","-","0.8","BYE","-","0","-","6.3","-","-","-","-","-","-","-","4.7","13.8","5.1","25.6"
"365","Daniel Bellinger","TE","NYG","0.1","0","0.8","0.6","0.7","0","0","0","4.3","3.4","3.8","0.8","BYE","1.5","1.3","4.3","3.9","0","1.5","25.5"
"366","Julio Jones","WR","FA","-","-","-","-","-","-","0.3","6.8","0","-","0.5","0","0","0","0.6","0.5","15.4","1.3","2.3","25.4"
"366","Ty Johnson","RB","BUF","-","-","-","-","-","-","0","-","0","0.2","11.8","1.9","BYE","2.1","5.8","-","2.2","1.4","2.8","25.4"
"368","Foster Moreau","TE","NO","-","2","-","-","6.6","3.3","3.3","0","2.3","0","BYE","0","2.8","0.8","1.3","1.3","1.3","0.3","1.8","25.3"
"369","Dalvin Cook","RB","FA","5.9","-0.8","2.9","1.8","2.3","1.4","-","0.5","0.8","2.6","1.3","2.1","2.6","0.8","1","0","-","-","1.7","25.2"
"370","Tony Jones Jr.","RB","ARI","0.5","15.4","5.2","-","-","-","-","-","0.7","1.3","2.1","-","-","BYE","-","-","-","-","4.2","25.2"
"371","Mack Hollins","WR","BUF","3.1","6","2.3","0","2.9","4.1","0","2.7","3.6","-","-","-","BYE","0.4","-","0","0","0","1.9","25.1"
"372","Deonte Harty","WR","BAL","1.3","0.4","1.3","1","6.2","6.3","1","0","0","0","-0.2","-","BYE","2.5","0","-2","0","7.2","1.6","25"
"373","P.J. Walker","QB","FA","-","-","-","-","-","5.8","6.4","12.6","0","0","-","0.1","-","-","-","-","-","-","4.2","25"
"374","Harrison Bryant","TE","LV","6.5","0","0.4","0.4","-","0","0","0","0","0.5","0","4.2","10.9","0","0","0.6","1.4","0","1.5","24.9"
"375","Ronnie Bell","WR","SF","0","0","8.4","0.7","0","0","-","0","BYE","2","0","0","0","0","0","7.2","0","6.5","1.6","24.8"
"376","Pharaoh Brown","TE","SEA","-","-","13.1","-","0","1.5","5.1","3.3","0","0","-","0","0","0.4","0.4","2.5","-1.5","0","1.8","24.8"
"377","D'Ernest Johnson","RB","JAC","-0.4","1.7","1.2","-0.2","0","1.9","0","0.8","BYE","4","5.4","6.1","0.9","2.8","0.5","0.2","0","-0.1","1.5","24.8"
"378","Zach Ertz","TE","WAS","2.1","5.6","0.6","5.3","7","2.2","1.9","-","-","-","-","-","-","BYE","-","-","-","-","3.5","24.7"
"379","Craig Reynolds","RB","DET","-","0.5","1.5","0","11.2","4.3","2.5","6.6","BYE","0","-2","0","0","0","0","0","-","0","1.6","24.6"
"380","Ihmir Smith-Marsette","WR","CAR","0","0","0","0","0","0","BYE","0","0","6","0","1.4","0","1","3.2","11.1","1.2","0.6","1.4","24.5"
"381","Kyle Juszczyk","RB","SF","0","-","0.3","0.7","8.6","0.9","0","0","BYE","8.6","0","0","0","0","2.6","0.5","2.3","0","1.5","24.5"
"382","Hayden Hurst","TE","LAC","10.1","2","1.1","0.7","2.1","1.6","-","0","5.4","1.4","-","-","-","-","-","0","-","-","2.4","24.4"
"383","Sam Darnold","QB","MIN","-0.2","-","-0.1","-0.1","-0.1","-","-","-","-","-0.1","-","-","-0.1","-","0.6","7.1","-0.2","17.5","2.4","24.4"
"384","Treylon Burks","WR","TEN","2.7","7.6","0.5","-","-","-","BYE","0","2.8","-","-","-","0","0.6","6.4","2.2","1.1","0","2.2","23.9"
"385","Andy Dalton","QB","CAR","-","-","23.5","-","0.1","-","BYE","-","-","-","-","-","-","-","-","-","-","-","11.8","23.6"
"386","Hunter Renfrow","WR","FA","-","2.3","1.7","1.2","0.7","0","1.4","1.9","3.2","0.5","4.2","3.8","-","2.6","0","0","0","0","1.5","23.5"
"387","Austin Hooper","TE","NE","2","2","-","1.1","1.1","1.9","1.8","1.9","1","0.7","0","1.4","-","0.5","0","1.3","2.8","3.9","1.5","23.4"
"388","Will Dissly","TE","LAC","1.7","3.5","-","-","BYE","0.4","0","0","0","2.2","0.9","2.1","0","0.3","0.9","0.6","0","10.6","1.5","23.2"
"389","Cedric Tillman","WR","CLE","0","-","-","0.5","BYE","-","-","-","0.3","0","1","5.5","2","2.3","5.2","1.3","0.8","4.3","1.9","23.2"
"389","Johnny Mundt","TE","MIN","-","-","0","-","1.1","0","0","0.8","1.8","0.8","0","0","BYE","0.4","0.3","2.3","9.9","5.8","1.7","23.2"
"389","KhaDarel Hodge","WR","ATL","0","-","1.5","1.9","1.1","0","1.9","7.5","6","0","BYE","0","0","1.8","1","0.5","0","0","1.5","23.2"
"389","Parker Washington","WR","JAC","-","-","-","0","-","-","-","-","BYE","-","0","0","12.1","6.7","1.2","1.9","0.2","1.1","2.6","23.2"
"393","Darrynton Evans","RB","BUF","-","-","-","-","-","3.4","5.4","10","2.1","0.5","-","1.6","BYE","-","-","-","-","-","3.8","23"
"393","Mason Crosby","K","NYG","-","-","-","-","-","-","-","-","-","-","-","-","BYE","-","-","7","7","9","7.7","23"
"395","Dyami Brown","WR","WAS","0","2.5","0","5.1","1.1","0","0","0","3.3","10.1","0.7","0","0","BYE","0","0","0","0.2","1.4","23"
"396","Jacoby Brissett","QB","NE","-","-","-","-","-","-","-","-","-","-","BYE","-","0","-","13.9","9","-","-","7.6","22.9"
"397","Elijah Higgins","TE","ARI","-","-","-","-","-","-","0","0","0","0","0.2","2.6","2.1","BYE","10.4","1.7","2.1","3.2","2","22.3"
"398","Ameer Abdullah","RB","LV","0","0.5","1.6","1.4","1.5","0","0","1.9","2.5","0.4","0.4","1.3","BYE","1.9","4.5","1.2","2.2","0.7","1.3","22"
"399","Tank Bigsby","RB","JAC","5.3","-","7","1","0.8","0.8","0.2","-1.1","BYE","0.5","2.1","0.6","0","0","-0.2","-","3.2","1.6","1.5","21.8"
"400","Jalen Reagor","WR","NE","-","-","-","-","-","0","1.1","0","1.1","0","BYE","-","1.1","0","0","3.3","9.9","5","2","21.5"
"400","Stone Smartt","TE","LAC","-","2.4","-","0","BYE","0","0.5","0","0","0","11.1","0","0","-","1.5","2.3","2.3","1.4","1.5","21.5"
"402","C.J. Beathard","QB","JAC","-","-","0.4","-","-","-0.2","-","-","BYE","0.2","0","-","3.2","-","-","8.4","9.5","0","2.7","21.5"
"403","Van Jefferson","WR","PIT","2.4","0.9","5","2.9","0","0","0.5","2.4","1.4","0","-","1.3","0","0","0","1.3","1.9","1.3","1.3","21.3"
"404","Will Mallory","TE","IND","-","4.9","-","-","-","0","0","0.6","-","0.7","BYE","2.9","0.4","4.6","0","4.7","1.9","0","1.7","20.7"
"404","Derius Davis","WR","LAC","0.5","1","0.3","6.7","BYE","0","2.4","0.4","6","0.7","-0.3","0.1","0","0","-2.2","1.4","0.2","3.5","1.2","20.7"
"406","Quez Watkins","WR","PIT","1.7","-","-","-","0.4","BYE","-","-","-","-","-","0","2.8","0","0","0","-","15.3","2.5","20.2"
"407","Jamison Crowder","WR","WAS","0","0","-","0","2.1","0","0","15.5","2.3","0","1.2","0","0","BYE","0","-2","0","0.8","1.2","19.9"
"408","Nick Chubb","RB","CLE","12.7","6.4","-","-","BYE","-","-","-","-","-","-","-","-","-","-","-","-","-","9.6","19.1"
"409","Patrick Taylor Jr.","RB","SF","2.2","0.1","2.9","-","0.7","-","-","-","BYE","-","-","1.5","2.9","5.2","0.2","0.3","3","0","1.7","19"
"410","Tyler Scott","WR","CHI","1.4","-","0.6","1.9","0","1.2","3.3","1.1","-0.5","3.1","-1.6","0","BYE","1.1","4.6","0","1.5","1.2","1.2","18.9"
"411","Robbie Chosen","WR","FA","-","-","12.8","0","0","0","-","-","-","-","3.9","-","-","-","0","1.9","0","0","2.1","18.6"
"412","Malik Heath","WR","GB","0","0","0","-","-","BYE","-","-","0","0","0.7","4.6","1.5","6.6","2.9","0","1.3","0.9","1.4","18.5"
"413","Luke Schoonmaker","TE","DAL","-","6.1","0","0","0","0","BYE","1.3","0","0","8.3","1.2","1.2","0","0","0.4","0","0","1.2","18.5"
"414","Kevin Harris","RB","NE","-","-","-","-","-","-","-","-","-","-","BYE","-","-","-","8.5","2.1","6.9","0.8","4.6","18.3"
"415","River Cracraft","WR","MIA","10","3.4","1.3","-","-","-","-","-","-","BYE","0","0","1.6","0","0","-","0","1.8","1.8","18.1"
"416","Deven Thompkins","WR","TB","1","1.1","0.6","11.6","BYE","0.3","-0.6","0","0","1.1","1.7","0","1.1","0","-0.1","0","0","0.1","1.1","17.9"
"417","Davis Mills","QB","HOU","-","-","-","-","-","-","BYE","-","-","-","0.1","-","0.7","0.2","0","16.9","0","-","3","17.8"
"418","Trey Sermon","RB","IND","-","-","2.1","0.7","0","0","-","-","0","0","BYE","0","0","1.3","8.8","0.3","4.1","-","1.4","17.3"
"419","Damien Harris","RB","FA","1.9","9.3","1.5","2.9","1.3","0.1","-","-","-","-","-","-","-","-","-","0","-","-","2.4","17"
"419","MyCole Pruitt","TE","PIT","0","0","1","0","2.2","0.9","0","0.3","0","0","-","0","8","1.5","0","0","1.4","1.7","1","17"
"421","Melvin Gordon III","RB","FA","-","-","5.5","4.4","-","-","-","-","-","-","-","-","-","-","-","-","7","-0.2","4.2","16.7"
"422","Connor Heyward","TE","PIT","1.9","0","0","0","2.3","BYE","2.3","2.4","1.6","3.2","0","1.1","0","1.5","0","0","0","0.4","1","16.7"
"423","Ray-Ray McCloud III","WR","ATL","0","0","0","2.2","0.1","2.7","2","4.3","-","0","0","2.3","-","-","-","-","-","2.9","1.4","16.5"
"424","John Metchie III","WR","HOU","-","1.7","1.3","2.2","2","0","BYE","0","1.4","2.5","1.2","0.6","0.9","0.6","0.1","0","1.2","0.5","1","16.2"
"425","Kyle Philips","WR","TEN","-","-","-","-","0","-1.4","BYE","2.4","6.8","6.1","1","-0.3","-","0","-","-","-","1.5","1.8","16.1"
"426","Jeff Driskel","QB","WAS","-","-","-","-","-","-","-","-","-","-","-","-","-","BYE","-","-","-","15.9","15.9","15.9"
"427","Lucas Krull","TE","DEN","-","-","-","-","-","-","-","-","BYE","0","-","-","0","3.5","1.8","8.8","1.4","0","2.2","15.5"
"428","Irv Smith Jr.","TE","KC","1.7","1","-","-","0","0.5","-","0.5","8.6","0.6","0","0.8","0","0","1.8","-","-","-","1.3","15.5"
"428","Davis Allen","TE","LAR","-","-","-","-","0","0","0","0","0","BYE","0","0.6","0","11","1.4","0","0","2.5","1.2","15.5"
"428","Luke Farrell","TE","JAC","-","-","0.4","1","1.6","0","0","0.5","BYE","0","2.1","5.5","0.9","0","2.8","0","0.7","0","1","15.5"
"428","Donovan Peoples-Jones","WR","DET","1.2","0.7","4.9","0.7","-","0","2.2","0","BYE","-","0","0","0","1.7","0.5","1.1","0","2.5","1","15.5"
"432","David Moore","WR","CAR","-","-","-","-","-","-","BYE","-","-","-","-","0","0","1.1","12.8","0.7","0","0.8","2.2","15.4"
"433","Josh Whyle","TE","TEN","-","0","-","8.6","0.7","1.1","BYE","-","0","1.6","0.7","1.1","1.6","-","-","-","-","-","1.7","15.4"
"434","Brock Wright","TE","DET","1.7","-","-","-","1.6","0.7","0","0.5","BYE","8.3","0","0.9","0.8","0.6","0","-","-","-","1.4","15.1"
"435","Ronnie Rivers","RB","LAR","0","0.4","0","5.7","0.1","1.3","-","-","-","BYE","-","-","-","-","-","2","0.4","5.2","1.7","15.1"
"435","Jeremy Ruckert","TE","NYJ","-","-","-","2.6","0.2","0.8","BYE","0","0.7","0","2.5","1.8","1.2","3.7","1.6","0","-","-","1.3","15.1"
"437","John Bates","TE","WAS","0","4.6","1.2","0.6","1.9","0","0","1.7","-0.5","2.1","1.5","0","0","BYE","0","1.4","0.6","0","0.9","15.1"
"438","Jameis Winston","QB","CLE","-","-","4","-1","-0.4","-","-","-","-","10.9","-","-","1.6","-0.2","-","-","-","0","2.1","15"
"439","Jalen Guyton","WR","LV","-","-","-","-","-","-","-","-","0","10.1","-","0.4","0.5","0.8","1.9","1.2","0","-","1.9","14.9"
"440","Tim Boyle","QB","HOU","-","-","-","-","-","-","BYE","-","-","-","0.4","9.4","5.1","-","-","-","-","-","5","14.9"
"441","Charlie Kolar","TE","BAL","0","-","-","-","-","0","0","0","0","0","1.3","0","BYE","0","1.5","1.7","7.9","2.3","1.1","14.7"
"442","Trent Sherfield Sr.","WR","MIN","-","-","1.8","1.8","0.3","0","0.5","0","0.9","0","0","0","BYE","0.9","0","0","0","8.4","1","14.6"
"443","Tyquan Thornton","WR","NE","-","-","-","-","-","0.6","0.2","-","0.7","-","BYE","2.2","3.9","1.7","0.5","2","2.4","-","1.6","14.2"
"444","Byron Pringle","WR","FA","-","0.4","-","1.5","1","0","1.6","0","5.5","0.7","0.2","2.7","0","-","0.5","0","0","0","0.9","14.1"
"445","Xavier Hutchinson","WR","HOU","0.9","0","-","0","0","1.5","BYE","0","1.2","1.7","0","3.4","-","1.5","0.5","1.8","0.8","0.6","0.9","13.9"
"446","Terrace Marshall Jr.","WR","CAR","2.3","-","3.5","5.6","-","0","BYE","0.9","0","1.1","-","-","-","-","-","-","-","0.5","1.7","13.9"
"447","Chase Claypool","WR","BUF","0","9.6","1.5","-","-","-","0","1.5","0","-","-","-","BYE","0","0.8","0","0","0.3","1.2","13.7"
"447","Charlie Jones","WR","CIN","0","6","0.6","-","-","-","BYE","-","-","-","0","0","0","0","1","-0.1","0","6.2","1.2","13.7"
"449","Ben Skowronek","WR","HOU","0","2.1","0.3","-","0","0","0","8","-0.2","-","0","-0.1","1.2","0","0","0","0","2.2","0.8","13.5"
"450","Jordan Akins","TE","CLE","1.2","0.2","-","0.6","BYE","0","0","0.6","1.1","0.8","0","0","0.6","0.3","0.8","1.8","2.8","2.4","0.8","13.2"
"451","Isaiah Spiller","RB","LAC","-","0.3","0.7","2.7","BYE","0.2","-","0.8","-","-","-","-","-","1.9","5","0.5","0.9","-","1.4","13"
"452","Marcus Mariota","QB","WAS","-","-","-","-","-","-","-","-","-","-","-","-","1.2","0","-","-","-","11.5","4.3","12.8"
"453","Case Keenum","QB","HOU","-","-","-","-","-","-","BYE","-","-","-","-","-","-","-","12.3","0.5","-","-","6.4","12.7"
"454","Stephen Sullivan","TE","CAR","-","-","-","-","-","0","BYE","1.3","2.8","-","2","1.3","1.6","0","1.4","2.1","0","0","1.1","12.5"
"455","Tyler Goodson","RB","IND","-","-","-","-","-","-","-","-","-","-","BYE","-","1.1","-0.2","7.9","3","0.3","0","2","12.1"
"456","Cole Turner","TE","WAS","1.7","2.1","3.5","0","0.9","0","0","-","0","-","0.7","2.9","0.2","BYE","-","0","-","-","1","12"
"457","Randall Cobb","WR","FA","0","0","1.2","0.8","0","2","-","-","-","-","-","0","-","7.5","0","-","0","0.4","1.1","11.9"
"458","Alec Ingold","RB","MIA","3.4","-","0","2.3","0","0","0","0.5","0.1","BYE","1.6","0","-0.3","1.3","0","1.2","1.8","0","0.7","11.9"
"459","Boston Scott","RB","LAR","1","4","-","-","-","1.6","0","0.4","-","BYE","0.8","1.4","2.9","0.9","0","-1.7","-","0.5","1","11.8"
"460","C.J. Uzomah","TE","PHI","-","-","0.9","6.1","1.2","0","-","1.9","1.1","0.6","0","0","0","-","-","-","-","-","1.2","11.8"
"461","Jason Brownlee","WR","NYJ","-","-","-","-","-","-","BYE","0","-","-","0","2","0","-","-","6.8","2.8","0","1.7","11.6"
"462","D.J. Montgomery","WR","IND","-","-","-","-","-","-","-","-","-","-","BYE","0","0","0","10.8","0.8","0","0","1.7","11.6"
"463","Laviska Shenault Jr.","WR","SEA","2.1","0.7","0.7","1.9","2.7","1.7","-","-","-","-","0.9","0.8","-","-","-","-","-","-","1.4","11.5"
"463","Lynn Bowden Jr.","WR","NO","-","-","-","0","0","0","0","0","0","1.2","BYE","4","-0.1","2.4","3.1","0","0.6","0.3","0.8","11.5"
"465","Robert Tonyan","TE","MIN","0","0","-","1.8","1","1.1","0","0.8","1.1","0","0","0","BYE","0","0","1.4","4","0","0.7","11.2"
"465","Patrick Ricard","RB","BAL","0","-","-","1.4","0","0.3","3.1","0","0","0","0","0","BYE","0","0","0","6.4","0","0.7","11.2"
"467","Raheem Blackshear","RB","CAR","-","-","-","-","-","2.2","BYE","3.1","0.5","1.3","0","-","0.6","0.8","0","2","0","0.6","1","11.1"
"467","Brandon Bolden","RB","FA","0","-","-","-","-","-","-","-","-","-","-","-","-","0","8.5","2","0.6","-","2.2","11.1"
"469","La'Mical Perine","RB","FA","-","-","-","-","-","-","-","-","0.1","-","-","0","-","-","-","0","0","10.9","2.2","11"
"470","Emanuel Wilson","RB","GB","-","0.5","1.2","-","0","BYE","2.7","-","4.3","0","2.1","-","-","-","-","-","-","-","1.5","10.8"
"471","Mecole Hardman Jr.","WR","FA","-","0.6","-","-","-","0","0.6","-0.4","1","-","1.2","-","-","-","-","-","0","7.7","1.3","10.7"
"472","Chris Brooks","RB","MIA","-","-","6.6","-","0","2.8","-","-","-","BYE","-","-","-","-","-","-","1.2","-","2.7","10.6"
"473","Parris Campbell","WR","PHI","0.2","2.1","2.4","1.5","2.3","0","0","0","1.5","0.6","0","-0.2","-","-","-","-","-","-","0.9","10.4"
"474","Sterling Shepard","WR","FA","0","0.4","-","0.6","1.3","0","-1.7","-","0","6.2","0.5","0.6","-","-","0","0","0","2.4","0.7","10.3"
"475","Keaontay Ingram","RB","KC","-0.4","0.6","2.1","-","-","5.1","-","1.6","0.8","0.2","-","-","-","-","-","-","-","-","1.4","10"
"475","Marquise Goodwin","WR","FA","0","0","0.1","0","-","2.4","2.3","-0.5","0","-","-","-","-","0","5.7","0","0","-","0.8","10"
"477","Hunter Luepke","RB","DAL","-","0","2.1","6.4","0","0","BYE","-0.2","0","0","0","0","0","0","0.3","1.1","0","0","0.6","9.7"
"478","Keith Kirkwood","WR","FA","0","0","0","-","0.1","0","0","-","-","-","-","2","0","0","6.7","0.9","0","-","0.8","9.7"
"478","J.K. Dobbins","RB","LAC","9.7","-","-","-","BYE","-","-","-","-","-","-","-","-","-","-","-","-","-","9.7","9.7"
"480","Lawrence Cager","WR","NYG","1.7","-","-","-","-","0","-","-","0","7","0","0","BYE","0","0.9","-","-","-","1.2","9.6"
"481","Brenton Strange","TE","JAC","-","-","0.7","0","0","8.7","0","0","BYE","0","0","0","-","-","-","0","0.1","0","0.8","9.5"
"482","Clayton Tune","QB","ARI","0","-","-","-","-","-","0.2","-","1.1","6.1","-","2","-","BYE","0","-","0","0.1","1.2","9.5"
"483","Richie James Jr.","WR","FA","0.6","-2","-","-","-","-","-","-","-","-","-","0","1.2","0.4","1.7","5.4","0.6","1.5","1","9.4"
"483","Geoff Swaim","TE","FA","0","-","-","0","2.2","0","0.8","0","0","1.3","1.5","0","1","-","2.6","-","-","-","0.8","9.4"
"485","Israel Abanikanda","RB","NYJ","-","-","-","-","-","-","BYE","-","-","-","1.6","0","-","-0.1","1.9","4.3","1","0.6","1.3","9.3"
"486","Blaine Gabbert","QB","KC","-","-","-0.9","-","-","-","-","-","-","BYE","-","-","-","-","-","-","-","9.8","4.5","8.9"
"486","Marcedes Lewis","TE","FA","-","-","-","0.8","0","0","1.6","0","0","0","0","0","-","0.4","0","6.1","0","0","0.6","8.9"
"488","Quintin Morris","TE","BUF","-","-","-","-","0","7.5","-","-","0","0","1.1","0","BYE","0","0","0","0","0","0.8","8.6"
"489","Nick Bawden","RB","NYJ","-","-","6.1","-","0","0","BYE","0","0.7","0","0","0.6","0","0.3","0","-","0.8","0","0.7","8.5"
"490","Tim Jones","WR","JAC","-","0","1.1","-0.1","0","0","1.7","0","BYE","1.7","0","0","0","0","0","3.2","0","0.7","0.5","8.3"
"490","Dare Ogunbowale","RB","FA","-","0.4","-","-","-","-","-","-","3","0","0","-","1.5","1.1","1.7","0.6","0","0","0.8","8.3"
"492","Ben Sims","TE","GB","-","0","-","0","1.2","BYE","0.2","0","0","-","0","0","6.1","0","0","0","0.6","0","0.6","8.1"
"493","Deuce Vaughn","RB","DAL","0.8","3.2","-","1.1","0.8","-","BYE","0","-","0.9","-","-","-","-","-","-","1.2","-","1.1","8"
"494","Trayveon Williams","RB","CIN","0.7","0.4","0.4","0.4","0.5","0.3","BYE","0.6","1.3","0.2","2","0","0","-0.1","1.2","0","0.2","-0.2","0.5","7.9"
"495","Samori Toure","WR","GB","1.8","0.6","2","3.5","0","BYE","0.3","0","-","-","-","0","-","2.2","-","0","-2.6","-","0.7","7.8"
"496","Brycen Hopkins","TE","FA","2.1","0","-","0.5","0","0","0.5","0","0","-","0","-","-","0","0","0","0","4.7","0.6","7.8"
"497","Velus Jones Jr.","WR","CHI","-","-0.3","0","1","0","2","0","0.4","0","-","-","0","BYE","1.1","2.3","0.4","0.2","0","0.5","7.1"
"497","Tylan Wallace","WR","BAL","-","-","-","-","-","-","-","-","0","-","0","0","BYE","6","0","0","0","1.1","0.9","7.1"
"499","Eric Gray","RB","NYG","0","0","0","0","2.6","0.2","0","-","-","-","0","0","BYE","0","0.6","0","0.8","2.8","0.5","7"
"500","Brian Hoyer","QB","FA","-","-","-","-","-","3.8","3.2","-","-","-","-","-","-","-","-","-","-","-","3.5","6.9"
"500","Simi Fehoko","WR","LAC","-","-","-","0","BYE","-","-","6.9","0","0","0","-","-","-","-","-","-","-","1.4","6.9"
"500","Chris Conley","WR","SF","-","-","-","-","-","-","0","-","BYE","-","-","-","0","0","0","0","0","6.9","1","6.9"
"503","Tyler Johnson","WR","LAR","-","-","-","-","-","-","-","-","-","BYE","-","-","-","-","-","-","-","6.8","6.8","6.8"
"504","Blake Bell","TE","FA","7.2","-","-","-","0","0","-1.3","0","0","-","0","0","0","0","0","0.4","0","0.3","0.5","6.6"
"504","Gary Brightwell","RB","NYG","1.1","0","3.6","1.9","-","-","-","-","-","-","-","-","BYE","-","-","-","-","-","1.7","6.6"
"506","Josiah Deguara","TE","JAC","0","0.5","0","3.4","1.9","-","0","0","0.7","0","0","-","-","0","0","0","0","0","0.4","6.5"
"507","Jalen Brooks","WR","DAL","-","-","-","-","-","0","BYE","-","-","3.9","0","2.4","-","-","-","-","0","0.1","1.1","6.4"
"508","Mike Boone","RB","CAR","1.8","-","0","0.4","0","1.1","BYE","1.6","0.3","0.6","0.5","-","-","-","-","-","-","-","0.7","6.3"
"509","Ko Kieft","TE","TB","0","-","-","0","BYE","0","0","0","0","0","0","0","0","0","6.2","0","-","0","0.4","6.2"
"509","Equanimeous St. Brown","WR","NO","-","-","-","2.1","0","-","-","-","-","0.4","1.9","0","-","-","-","-","0","1.8","0.9","6.2"
"511","Darnell Washington","TE","PIT","0","-","-","1","0","BYE","0","0","0.7","0.6","0.8","1","0","1.2","0","0.8","0","0","0.4","6.1"
"512","Rakim Jarrett","WR","TB","0","0.7","-","0.3","BYE","0","0","0.9","0","0","4.1","-","-","-","-","-","-","-","0.7","6"
"513","Payne Durham","TE","TB","-","-","-","-","BYE","0.8","0","0","0","0","1.3","1.2","0","0","0","2.5","0","0","0.4","5.8"
"514","Brett Rypien","QB","CHI","-","-","-","-","-","-","-","1.7","4.1","-","-","-","BYE","-","-","-","-","-","2.9","5.8"
"515","DeAndre Carter","WR","FA","0.5","0","1.6","0","0.3","0","0","0","1.5","1.5","0","0","-","0","0","0","0","0.3","0.3","5.7"
"516","Isaiah McKenzie","WR","NYG","0","0.7","0.3","0.6","0.4","2.3","0.7","0","-0.8","3.1","-","0.3","0","-2","-","-","-","-","0.4","5.6"
"516","Mitchell Wilcox","TE","NE","0","-","1","0.7","0","0","-","0","0","0","0","0.1","1.2","0","2","0.6","0","0","0.4","5.6"
"516","Ian Thomas","TE","CAR","0","-","0.8","0","2.8","-","BYE","-","-","-","0","0.9","0.6","0","-","0","0","0.5","0.5","5.6"
"519","Damien Williams","RB","FA","-","-","-","-","-","4.4","0.2","0.9","-","-","-","-","-","-","-","-","-","-","1.8","5.5"
"520","Justyn Ross","WR","KC","0.6","-","0","-","2.8","0","0","-","-","BYE","-","-","-","-","-","0.2","0","1.7","0.7","5.3"
"521","Ty Montgomery II","RB","FA","1.6","0","0","-","0.5","0.9","0","0","0","0","-","0","0.2","1.7","-","-","-","-","0.4","4.9"
"522","Mike Strachan","WR","CAR","-","-","-","-","-","-","BYE","-","-","4.5","0","-","0","0","-","-","-","-","1.1","4.5"
"523","Ke'Shawn Vaughn","RB","FA","-","-","-","1.9","-","0.9","0.7","0.1","0.8","-","-","-","-","-","-","-","-","-","0.9","4.4"
"524","Cooper Rush","QB","DAL","0","0","-","0.6","0.1","-","BYE","-0.2","-","2.2","0.3","-","-","-","-","-","-","1.2","0.5","4.3"
"525","Britain Covey","WR","PHI","0","0","0","0","0","0","0","0","0","BYE","0","0","0","0","0","0.7","-","3.5","0.3","4.2"
"526","Austin Seibert","K","NYJ","-","4","-","-","-","-","BYE","-","-","-","-","-","-","-","-","-","-","-","4","4"
"526","Leonard Fournette","RB","FA","-","-","-","-","-","-","-","-","-","-","-","-","-","-","-","2","-","2","2","4"
"528","Grant Calcaterra","TE","PHI","-","-","-","-","0","0","0","0","-","BYE","0","-","0","0","-","2.1","0","1.8","0.4","3.9"
"529","Rashaad Penny","RB","CAR","-","1.4","-","-","-","-","BYE","-","0.8","-","-","-","-","-","-","-","-","1.6","1.3","3.8"
"530","Jack Stoll","TE","NYG","0","-","0.6","-","0.4","0","0","0","0","-","0.3","1.4","0","0","0","0","0","1.1","0.3","3.8"
"530","Elijah Cooks","WR","JAC","-","-","-","-","-","0","0","0","BYE","0","-","-","-","0","0","3.8","0","0","0.4","3.8"
"530","Peyton Hendershot","TE","DAL","0","0","0.3","-","-","-","BYE","-","-","-","-","-","-","0","0.5","0","0.6","2.4","0.5","3.8"
"533","Michael Burton","RB","DEN","0.3","0.3","-","0","2","0.2","-0.2","0","BYE","0","0","0","0.4","0.3","0","0.4","0","0","0.2","3.7"
"534","Teagan Quitoriano","TE","HOU","1.1","-","0","-","2.2","0","BYE","0","-","-","-","-","-","-","-","-","-","-","0.7","3.3"
"534","Keith Smith","RB","FA","0","0","-","0","2.8","0","-0.1","0","-","0","-","0.6","0","0","0","-","-","-","0.3","3.3"
"534","Devin Duvernay","WR","JAC","0","1.5","0","0.8","0","0","0","0","1","0","0","0","-","0","-","-","-","-","0.3","3.3"
"534","Keelan Doss","WR","LAC","-","-","-","-","BYE","0","0","-","-","-","-","-","-","-","-","-","2.5","0.8","0.8","3.3"
"538","Charlie Woerner","TE","ATL","0","0","-","-","0","0","0","0","-","0","0","0.9","0","0.3","0","0","0","2","0.2","3.2"
"539","C.J. Ham","RB","MIN","0.7","-","0.7","0","0","0","0","0.2","0","0","0","0.3","BYE","0.7","0","0.6","0","0","0.2","3.2"
"540","Sean Tucker","RB","TB","2.4","0.7","0.1","0","BYE","-","-","-","-","0","-","-","-","-","-","-","-","-","0.6","3.2"
"541","Jaren Hall","QB","MIN","-","-","-","-","-","-","-","-1.2","4.2","-","-","-","BYE","-","-","-","0.1","-","1","3.1"
"542","Malik Willis","QB","TEN","-","-","-","-","-","4.7","BYE","-1.6","-","-","-","-","-","-","-","-","-","-","1.5","3.1"
"543","Mike White","QB","MIA","-","-","6.6","-","-","-1.4","-","-","-","BYE","-","-0.2","0.1","-","0","-","-2","-","0.5","3.1"
"544","Jalen Nailor","WR","MIN","0","-","-","-","-","-","-","-","-","1.6","0","0","BYE","1.3","-","-","-","-","0.6","2.9"
"545","Trishton Jackson","WR","MIN","-","-","-","-","-","0","0.7","0","2.2","0","-","-","BYE","-","-","-","-","-","0.6","2.9"
"546","Khari Blasingame","RB","CHI","0","-","-","-","2.6","0.1","0.4","0","0","-","0","0","BYE","-0.3","0","0","0","0","0.2","2.8"
"546","James Mitchell","TE","DET","0","-","-","-","-","-","-","0","BYE","0","0","0","0","0","0","0","0.4","2.4","0.3","2.8"
"546","Julian Hill","TE","MIA","-","-","0","0","0","0","0","0.4","0","BYE","-1","0","2.3","0","0","0","0.9","0.2","0.2","2.8"
"546","Kenny Yeboah","TE","NYJ","-","-","-","-","-","-","BYE","-","-","-","-","-","-","0","0","0","2.8","0","0.6","2.8"
"550","Steven Sims Jr.","WR","HOU","-","-","-","-","-","-","BYE","-","-","-","2.5","0","-","-","0.1","-","-","-","0.9","2.6"
"551","Derrick Gore","RB","WAS","-","-","-","0","0","-","-","-","-","-","2.3","-","-","BYE","-","0","-","0.3","0.5","2.6"
"552","Greg Dulcich","TE","DEN","2.2","-","-","-","-","0.3","-","-","BYE","-","-","-","-","-","-","-","-","-","1.3","2.5"
"553","Nick Muse","TE","MIN","-","-","-","-","-","-","-","-","-","-","-","-","BYE","-","-","-","-","2.2","2.2","2.2"
"553","Erik Ezukanma","WR","MIA","1.7","0.5","-","-","-","-","-","-","-","BYE","-","-","-","-","-","-","-","-","1.1","2.2"
"553","DeeJay Dallas","RB","ARI","1.8","0.3","0.5","0","-","-0.1","-2","0","0","0","1.4","-0.5","0.6","0","0","0.2","0","0","0.1","2.2"
"553","Nate Adkins","TE","DEN","-","-","1.1","0.8","0","-","0.3","0","BYE","-","0","0","-","-","-","-","0","0","0.2","2.2"
"553","Jake Funk","RB","DET","2.2","-","-","-","-","-","-","-","BYE","-","-","-","-","-","-","-","-","-","2.2","2.2"
"558","Trevon Wesco","TE","FA","0","0","-","-","2.1","0","-","0","0","0","0","0","0","0","0","-","-","0","0.2","2.1"
"558","Zonovan Knight","RB","DET","-","-","1.3","-","0.8","-","-","-","BYE","-","-","-","-","-","-","-","-","-","1.1","2.1"
"558","Tyrion Davis-Price","RB","PHI","-","-","-","-","2.1","-","-","-","-","BYE","-","-","-","-","-","-","-","-","2.1","2.1"
"561","Gunner Olszewski","WR","NYG","-","-2","-","-","-2","-","-","0","0","0","0","0","BYE","0","0","0","6","0","0.2","2"
"562","Zach Evans","RB","LAR","-","-","-","-","-","1","-","-","-","BYE","0","0.6","-","-","-","-","-","0.3","0.5","1.9"
"563","Kayshon Boutte","WR","NE","0","-","-","-","-","-","-","-","-","1.1","BYE","0.8","-","-","-","0","-","0","0.4","1.9"
"563","Elijah Dotson","RB","LAC","-","1.9","-","-","BYE","-","-","-","-","-","-","-","-","-","-","-","-","-","1.9","1.9"
"563","Zach Pascal","WR","ARI","0","0.9","0","1","0","0","-","0","0","0","-","0","-","BYE","0","0","0","0","0.1","1.9"
"566","Miles Boykin","WR","NYG","0","0.5","-","-","0","-","-","0","0.6","0","0","0","0","0","0","0.6","0","0","0.1","1.7"
"567","Chris Manhertz","TE","NYG","0","-","0","1","0","0","0","0","-","0.6","0","0","0","0","0","0","0","-","0.1","1.6"
"567","Laquon Treadwell","WR","FA","-","-","-","0","0","-","-","-","-","-","-","-","-","-","-","-","0","1.6","0.4","1.6"
"569","Marvin Jones Jr.","WR","FA","-1.2","0","-","0","2.2","0.5","-","-","-","-","-","-","-","-","-","-","-","-","0.3","1.5"
"570","Willie Snead IV","WR","SF","-","-","-","0.9","-","-","-","0","BYE","0","-","-","-","-","-","0.5","-","-","0.4","1.4"
"571","Devine Ozigbo","RB","FA","-","-","-","-","-","1.3","-","0","-","-","-","-","-","-","-","-","-","-","0.7","1.3"
"571","Jashaun Corbin","RB","NYG","-","-","-","-","-","-","-","0","-","1.3","-","-","BYE","-","-","-","-","0","0.4","1.3"
"571","Alex Armah Jr.","RB","FA","-","-","-","-","-","-","-","0","0","0.3","-","-","-","-","0","0","0","1","0.2","1.3"
"571","Kene Nwangwu","RB","MIN","-","-","-","-","-","-","0","-","-","0.9","-","0","BYE","0.3","0.1","0","0","0","0.2","1.3"
"575","Malik Taylor","WR","NYJ","-","-","-","-","-","-","BYE","0","0.7","0.6","-","-","-","-","-","-","-","-","0.4","1.3"
"576","Sean Clifford","QB","GB","0","-","-","-","-","BYE","-","-","-","-","-","-","-","-","-","-","1.3","-","0.6","1.3"
"577","Jacob Johnson","RB","FA","-","-","0","1.2","0","0","0","0","-","-","-","-","-","0","0","0","0","0","0.1","1.2"
"577","John FitzPatrick","TE","ATL","-","-","0","-","0","-","-","0","-","0","BYE","-","-","-","-","-","-","1.2","0.2","1.2"
"577","Eric Saubert","TE","SF","-","-","-","-","-","-","-","-","0","0","-","0","0.5","0","-","0","0.2","0.5","0.2","1.2"
"577","Ross Dwelley","TE","ATL","0","-","-","-","0","0","1.2","0","-","0","0","0","0","-","-","-","-","-","0.1","1.2"
"581","Kenyan Drake","RB","FA","-","-","1.1","-","0","-","-","-","-","-","-","-","-","-","0","-","-","-","0.4","1.1"
"581","Anthony McFarland Jr.","RB","FA","1.1","-","-","-","-","-","-","-","-","0","0","-","-","-","-","-","-","-","0.4","1.1"
"581","Collin Johnson","WR","CHI","-","-","-","-","-","-","-","-","-","-","-","-","BYE","-","-","0","1.1","0","0.4","1.1"
"581","Chris Evans","RB","CIN","1.1","-","-","-","0","0","BYE","0","0","0","0","-","-","-","-","-","-","-","0.2","1.1"
"581","Jonathan Ward","RB","TEN","-","-","-","-","-","-","BYE","0","-","-","-","-","-","0","-","0","1.1","0","0.2","1.1"
"586","Cody Thompson","WR","SEA","-","-","-","1","BYE","0","0","-","-","-","-","-","-","-","-","-","-","-","0.3","1"
"587","Tucker Fisk","TE","ATL","-","-","-","-","-","-","0","-","0","-","BYE","-","-","-","0.9","0","0","0","0.2","0.9"
"588","Austin Trammell","WR","LAR","-","0","-","0","0","-2","0","0","0.6","BYE","2.3","0","0","0","0","0","0","0","0.1","0.9"
"589","AJ McCarron","QB","FA","-","-","-","-","-","-","-","-","-","-","-","-","-","0","-","-","-","0.8","0.4","0.8"
"590","Evan Hull","RB","IND","0.7","-","-","-","-","-","-","-","-","-","BYE","-","-","-","-","-","-","-","0.7","0.7"
"591","Logan Woodside","QB","CIN","-","-","-","-","-","-","BYE","-","-","-","-","-","-","-","-","-","-","0.7","0.7","0.7"
"592","Mason Kinsey","WR","TEN","-","-","0","0","-","-","BYE","-","-","-","-","-","-","-","0","0.6","0","0","0.1","0.6"
"592","Kevin Rader","TE","TEN","-","-","-","-","0","0","BYE","0","0","0","0","0","0","0","0","0","0.6","0","0","0.6"
"592","Cole Fotheringham","TE","LV","-","-","-","-","-","-","-","-","-","-","-","-","BYE","-","-","0.6","0","-","0.3","0.6"
"595","Dee Eskridge","WR","SEA","-","-","-","-","BYE","-","-","-0.5","0","-","0","1","-","-","-","-","-","-","0.1","0.5"
"596","Jesper Horsted","TE","LV","0","-","-","-","-","-","0.4","-","0","-","0","-","BYE","-","0","-","-","-","0.1","0.4"
"597","Adam Prentice","RB","NO","0","-","-","-1","0","-","-","-","-","0","BYE","0","0","0","0","0","1.4","0","0","0.4"
"598","Reggie Gilliam","RB","BUF","-","0.3","0","-","0","0","0","0","-","0","0","0","BYE","0","0","0","0","0","0","0.3"
"598","Nick Vannett","TE","TEN","-","-","-","-","-","-","BYE","-","0","0","0","-","-","0","0","0","0","0.3","0","0.3"
"598","Colton Dowell","WR","TEN","-","-","-","0","-","0","BYE","-","-","-","0","0","0","0","0","0.3","0","-","0","0.3"
"601","Antoine Green","WR","DET","-","0.2","-","-","0","0","0","0","BYE","0","-","-","-","-","-","-","-","0","0","0.2"
"601","Kwamie Lassiter II","WR","CIN","-","-","-","-","0.2","-","BYE","-","-","-","-","-","-","-","-","-","-","-","0.2","0.2"
"601","Giovanni Ricci","TE","CLE","0.2","-","-","0","BYE","0","-","-","0","-","-","-","-","0","-","-","-","-","0","0.2"
"604","Anthony Firkser","TE","DET","-","-","-","-","-","-","-","-","BYE","-","-","-","-","-","-","0","-","-","0","0"
"604","Noah Togiai","TE","FA","-","-","-","-","-","-","-","-","-","-","-","0","-","-","-","-","-","-","0","0"
"604","Henry Pearson","RB","GB","-","-","-","-","-","BYE","-","-","-","-","-","0","0","-","-","-","-","-","0","0"
"604","Terrell Bynum","WR","FA","-","-","-","-","-","-","-","-","-","-","0","-","-","-","-","-","-","-","0","0"
"604","Dax Milne","WR","WAS","-","-","-","-","-","-","-","-","-","-","0","-","-","BYE","-","-","-","-","0","0"
"604","Chris Pierce Jr.","TE","FA","-","-","-","-","-","-","-","-","-","-","-","-","-","-","-","-","-","0","0","0"
"604","Austin Walter","RB","LV","-","-","-","-","-","-","-","-","-","-","0","-","BYE","-","-","-","-","-","0","0"
"604","Jacob Eason","QB","NYG","-","-","-","-","-","-","-","-","-","-","0","0","BYE","-","-","-","-","-","0","0"
"604","Hunter Long","TE","LAR","-","-","-","-","-","-","-","-","-","BYE","-","0","0","0","-","-","-","-","0","0"
"604","Aaron Rodgers","QB","NYJ","0","-","-","-","-","-","BYE","-","-","-","-","-","-","-","-","-","-","-","0","0"
"604","Hunter Kampmoyer","TE","TB","-","-","-","-","BYE","-","-","-","-","-","-","0","-","-","-","-","-","-","0","0"
"604","Tay Martin","WR","SF","-","-","-","-","-","-","-","-","BYE","-","-","-","-","-","-","-","0","-","0","0"
"604","Blake Whiteheart","TE","ARI","-","-","-","-","-","-","-","-","-","-","-","-","-","BYE","-","0","-","-","0","0"
"604","Ethan Fernea","WR","IND","-","-","-","-","-","-","-","-","-","-","BYE","-","-","-","-","0","-","-","0","0"
"604","Lucky Jackson","WR","MIN","-","-","-","-","-","-","-","-","-","-","-","-","BYE","-","-","0","0","0","0","0"
"604","Chase Cota","WR","NYG","-","-","-","-","-","-","-","-","-","-","-","-","BYE","-","-","0","-","-","0","0"
"604","Brittain Brown","RB","LV","-","-","-","-","-","-","-","-","-","-","-","-","BYE","-","-","-","0","-","0","0"
"604","Travis Vokolek","TE","ARI","-","-","-","-","-","-","-","-","-","-","-","-","-","BYE","-","-","0","0","0","0"
"604","Josh Pederson","TE","JAC","-","-","-","-","-","-","-","-","BYE","-","-","-","-","0","0","-","-","-","0","0"
"604","Sam Ehlinger","QB","IND","-","-","-","-","-","-","-","-","-","-","BYE","-","-","0","-","-","-","-","0","0"
"604","Michael Bandy","WR","DEN","-","-","-","-","-","-","-","-","BYE","-","-","-","-","-","-","-","0","-","0","0"
"604","Ryan Miller","WR","TB","-","-","-","-","BYE","-","-","-","-","-","-","-","0","-","-","-","-","-","0","0"
"604","Dan Chisena","WR","ARI","-","-","-","-","-","-","-","-","-","-","-","-","0","BYE","-","0","-","-","0","0"
"604","Zach Gentry","TE","LV","-","-","-","-","-","-","-","-","-","-","-","-","BYE","-","-","-","-","0","0","0"
"604","Marquez Callaway","WR","PIT","-","-","-","-","-","BYE","-","-","-","-","-","-","0","0","0","-","-","-","0","0"
"604","Stephen Anderson","TE","LAC","-","-","-","-","BYE","-","-","-","-","-","-","-","0","0","0","-","-","-","0","0"
"604","Marlon Mack","RB","ARI","0","-","-","-","-","-","-","-","-","-","0","-","-","BYE","-","-","-","-","0","0"
"604","Matthew Wright","K","PIT","-","-","-","-","-","BYE","-","-","-","-","-","-","-","-","-","-","-","0","0","0"
"604","James Robinson","RB","NO","-","-","-","-","-","-","-","-","-","-","BYE","-","0","-","-","-","-","-","0","0"
"604","Jeremy McNichols","RB","WAS","-","-","-","-","-","-","-","-","-","-","-","-","-","BYE","-","0","-","0","0","0"
"604","Skylar Thompson","QB","MIA","-","-","-","-","-","-","-","-","-","BYE","-","-","-","-","-","-","-","0","0","0"
"604","Godwin Igwebuike","RB","PIT","0","-","-","-","-","BYE","0","0","0","-","-","-","0","0","0","-","0","-","0","0"
"604","Travis Homer","RB","CHI","0","-","0","0","-","-","0","0","-","-","-","0","BYE","0","0","-","-","0","0","0"
"604","Ben Mason","RB","LAC","-","-","-","-","BYE","-","-","-","-","-","-","-","-","-","-","-","-","0","0","0"
"604","Chris Blair","WR","ATL","-","-","-","-","-","-","-","-","-","-","BYE","0","-","-","-","-","-","-","0","0"
"604","Shedrick Jackson","WR","CIN","-","-","-","-","-","-","BYE","-","-","0","0","-","-","-","-","-","-","-","0","0"
"604","Johnny Johnson III","WR","HOU","-","-","-","-","-","-","BYE","-","-","-","-","-","-","-","-","-","-","0","0","0"
"604","Dareke Young","WR","SEA","-","-","-","-","BYE","-","-","-","-","0","-","-","-","0","0","0","-","0","0","0"
"604","James Winchester","TE","KC","-","-","-","0","-","-","-","-","-","BYE","-","-","-","-","-","-","-","-","0","0"
"604","David Sills","WR","DEN","-","-","-","-","-","-","-","-","BYE","0","0","0","-","-","-","-","-","-","0","0"
"604","Amari Rodgers","WR","FA","-","-","-","-","0","0","-","-","-","-","-","-","-","-","-","-","-","-","0","0"
"604","N'Keal Harry","WR","MIN","-","-","-","-","0","0","0","0","0","0","0","0","BYE","-","-","-","-","-","0","0"
"604","Rodney Williams","TE","PIT","-","-","-","-","0","BYE","0","0","0","0","0","0","0","0","0","0","0","0","0","0"
"604","Darrell Daniels","TE","FA","-","-","-","-","0","0","-","-","-","-","-","-","-","-","-","-","-","-","0","0"
"604","Jordan Mims","RB","NO","-","-","-","-","0","0","-","-","-","-","BYE","-","-","-","-","-","-","0","0","0"
"604","Corey Clement","RB","FA","-","-","-","-","0","-","-","-","-","-","0","-","-","-","-","-","-","-","0","0"
"604","Isaiah Winstead","WR","FA","-","-","-","0","-","-","0","0","-","-","-","-","-","-","-","-","-","-","0","0"
"604","Phillip Dorsett II","WR","DEN","0","-","-","-","-","-","-","-","BYE","-","-","-","-","-","-","-","0","-","0","0"
"604","Matthew Slater","WR","FA","-","-","-","0","0","-","0","-","-","-","-","-","-","0","-","-","0","0","0","0"
"604","Brayden Willis","TE","SF","-","-","-","0","-","-","-","-","BYE","-","-","-","-","0","0","0","0","0","0","0"
"604","Sean McKeon","TE","DET","-","-","-","0","0","0","-","0","0","0","0","0","0","-","-","-","-","-","0","0"
"604","Bryant Koback","RB","FA","-","-","-","0","-","-","-","-","-","-","-","-","-","-","-","-","-","-","0","0"
"604","Malik Cunningham","QB","BAL","-","-","-","-","-","0","-","-","-","-","-","-","BYE","-","-","-","-","0","0","0"
"604","JaMycal Hasty","RB","NE","-","-","-","0","0","-","-","-","-","-","BYE","-","-","-","-","-","-","-","0","0"
"604","Tre'Quan Smith","WR","DET","0","-","-","-","-","-","-","0","BYE","-","-","-","-","-","-","-","-","-","0","0"
"604","Montrell Washington","WR","KC","-","-","0","0","0","0","-","-","-","BYE","-","0","-","-","-","-","-","-","0","0"
"604","Devon Allen","WR","PHI","-","-","0","-","-","-","-","-","-","BYE","-","-","-","-","-","-","-","-","0","0"
"604","Andy Isabella","WR","BUF","-","-","0","-","-","-","-","-","-","-","-","0","BYE","-","-","-","-","-","0","0"
"604","Justin Hardee","WR","CLE","-","-","0","-","0","-","-","-","-","-","-","-","0","0","0","0","-","0","0","0"
"604","Brady Russell","TE","SEA","-","-","0","-","BYE","-","0","0","-","0","0","-","0","0","0","0","-","0","0","0"
"604","Tre' McKitty","TE","BUF","-","-","0","-","-","0","-","0","-","-","-","-","BYE","-","-","-","-","-","0","0"
"604","Dalton Keene","TE","HOU","-","-","0","-","-","-","BYE","-","-","0","-","-","-","-","-","-","-","-","0","0"
"604","Kearis Jackson","WR","TEN","0","0","-","-","-","-","BYE","-","-","-","-","-","-","-","-","-","-","-","0","0"
"604","Cephus Johnson III","WR","TB","0","-","-","0","BYE","-","-","-","-","-","-","-","-","-","-","-","-","0","0","0"
"604","Julius Chestnut","RB","TEN","-","0","-","-","-","-","BYE","-","-","-","-","-","-","-","-","-","-","-","0","0"
"604","Kirk Merritt","WR","FA","-","0","-","-","-","-","-","-","-","-","-","-","-","-","-","-","-","-","0","0"
"604","Dylan Drummond","WR","ATL","-","-","-","-","0","-","-","-","-","-","BYE","-","-","-","-","-","-","-","0","0"
"604","Irvin Charles","WR","NYJ","-","-","-","-","0","0","BYE","-","0","0","0","0","-","0","0","0","0","0","0","0"
"604","Chris Oladokun","QB","KC","-","-","-","-","-","0","-","0","-","BYE","-","-","-","-","-","-","-","-","0","0"
"604","Tyler Kroft","TE","FA","-","-","-","-","-","-","-","0","-","-","0","0","-","-","0","-","-","-","0","0"
"604","Leroy Watson","TE","TEN","-","-","-","-","-","-","BYE","-","-","0","-","-","-","0","0","-","-","0","0","0"
"604","Tyree Jackson","TE","NYG","-","-","-","-","-","-","-","-","-","0","0","-","BYE","-","-","-","-","-","0","0"
"604","Jordan Thomas","TE","FA","-","-","-","-","-","-","-","-","-","0","-","-","-","-","-","-","-","-","0","0"
"604","Stanley Morgan Jr.","WR","NO","-","-","-","-","-","-","-","-","0","0","BYE","-","-","-","-","-","-","-","0","0"
"604","Damiere Byrd","WR","WAS","-","-","-","-","-","-","-","-","0","-","-","-","-","BYE","-","-","-","-","0","0"
"604","Albert Okwuegbunam Jr.","TE","PHI","-","-","-","-","-","-","-","-","0","BYE","0","0","0","-","-","-","-","-","0","0"
"604","Max Duggan","QB","LAC","-","-","-","-","BYE","-","-","-","0","-","-","-","-","-","-","-","-","-","0","0"
"604","Jalen Virgil","WR","DEN","-","-","-","-","-","-","-","0","BYE","-","-","-","-","-","-","-","-","-","0","0"
"604","DJ Turner","WR","LV","-","-","-","-","-","-","-","0","0","-","0","-","BYE","0","0","0","-","0","0","0"
"604","Matt Bushman","TE","KC","0","-","-","-","-","-","-","-","-","BYE","-","-","-","-","-","-","-","-","0","0"
"604","Juwann Winfree","WR","IND","-","-","-","-","-","-","-","0","0","0","BYE","-","-","-","-","-","-","-","0","0"
"604","Zack Kuntz","TE","NYJ","-","-","-","-","-","-","BYE","0","-","-","-","-","-","-","-","-","-","0","0","0"
"604","Andre Baccellia","WR","ARI","-","-","-","-","-","-","-","0","0","-","0","0","0","BYE","-","-","-","-","0","0"
"604","Easop Winston Jr.","WR","SEA","-","-","-","-","BYE","-","0","-","-","-","-","-","-","-","-","-","-","-","0","0"
"604","Dwayne Washington","RB","DEN","-","-","-","-","-","-","0","0","BYE","0","-","-","0","-","-","-","-","-","0","0"
"604","Patrick Laird","RB","TB","-","-","-","-","BYE","0","-","-","-","-","-","-","-","-","-","0","-","-","0","0"
"604","Malik Davis","RB","DAL","-","-","-","-","-","0","BYE","-","-","-","-","-","-","-","0","-","-","-","0","0"
"604","J.P. Holtz","TE","FA","-","-","-","-","-","0","-","-","-","-","-","-","-","-","-","-","-","-","0","0"
"604","Tanner Conner","TE","MIA","-","-","-","-","-","0","0","-","-","BYE","-","-","0","-","-","-","-","-","0","0"
"604","Matt Sokol","TE","NE","-","-","-","-","-","-","0","-","-","-","BYE","-","-","-","-","0","0","0","0","0"
"604","Jaelon Darden","WR","CLE","-","-","-","-","BYE","0","-","-","-","-","-","-","-","-","-","-","-","-","0","0"
"604","Parker Hesse","TE","DET","0","-","-","-","-","-","-","-","BYE","-","-","0","0","-","-","-","-","-","0","0"
"604","Mohamed Ibrahim","RB","FA","-","-","-","-","-","-","0","-","-","-","-","-","-","-","-","-","-","-","0","0"
"604","SaRodorick Thompson Jr.","RB","DAL","-","-","-","-","-","-","0","0","-","-","-","-","-","-","-","-","-","-","0","0"
"698","Kyle Trask","QB","TB","-","-","-","-","BYE","-","-","-","-","-0.1","-","0","-","-","-","-","-","-","-0.1","-0.1"
"699","Jonathan Williams","RB","WAS","-","-","-","-","-","-","-","-","-","-","-","-","-","BYE","-0.2","-","-","-","-0.2","-0.2"
"699","Teddy Bridgewater","QB","FA","-","-","-","-","-0.2","-","-","-","-","-","-","-","-","-","-","-","-","-","-0.2","-0.2"
"701","Matt Barkley","QB","JAC","-","-","-","-","-","-","-","-","BYE","-","-","-","-","-","-","-","-0.3","-","-0.3","-0.3"
"702","Nathan Peterman","QB","NO","-","-","-","-","-","-","-0.4","-","-","-","BYE","-","-","-","-","-","-","0","-0.2","-0.4"
"703","Deon Jackson","RB","NYG","-1.2","-","-","-","-","-","-","-","0.2","-","-","-","BYE","-","-","-","-","-","-0.5","-1"
"703","David Wells","TE","TB","-","-1","-","-","BYE","-","-","-","-","-","-","-","-","-","-","-","0","-","-0.5","-1"
"705","Kyle Allen","QB","PIT","-","-0.2","-0.2","-0.3","-","0","-","-","-","-","-0.2","-","-","-","-0.2","-","-0.2","-","-0.2","-1.3"
"706","James Proche II","WR","CLE","-","-","-","-","BYE","-","-","-","0","-2","0","0","0","0","0","0","0","0","-0.2","-2"
"707","Trent Taylor","WR","SF","0","0","-","0","0","0","0","-0.2","0","0","0","0","-","0","-2","0","0","0","-0.1","-2.2"
""
""